spdm_requester_emu version 0.1
connect success!
Platform port Transmit command: 00 00 de ad 
Platform port Transmit transport_type: 00 00 00 01 
Platform port Transmit size: 00 00 00 0e 
Platform port Transmit buffer:
    43 6c 69 65 6e 74 20 48 65 6c 6c 6f 21 00 
Platform port Receive command: 00 00 de ad 
Platform port Receive transport_type: 00 00 00 01 
Platform port Receive size: 00 00 00 0e 
Platform port Receive buffer:
    53 65 72 76 65 72 20 48 65 6c 6c 6f 21 00 
context_size - 0x30c0
libspdm_send_spdm_request[0] msg SPDM_GET_VERSION(0x84), size (0x4): 
0000: 10 84 00 00 
Platform port Transmit command: 00 00 00 01 
Platform port Transmit transport_type: 00 00 00 01 
Platform port Transmit size: 00 00 00 05 
Platform port Transmit buffer:
    05 10 84 00 00 
Platform port Receive command: 00 00 00 01 
Platform port Receive transport_type: 00 00 00 01 
Platform port Receive size: 00 00 00 11 
Platform port Receive buffer:
    05 10 04 00 00 00 05 00 10 00 11 00 12 00 13 00 14 
libspdm_receive_spdm_response[0] msg SPDM_VERSION(0x4), size (0x10): 
0000: 10 04 00 00 00 05 00 10 00 11 00 12 00 13 00 14 
libspdm_send_spdm_request[0] msg SPDM_GET_CAPABILITIES(0xe1), size (0x14): 
0000: 14 e1 00 00 00 00 00 00 c6 f7 82 88 00 12 00 00 00 80 02 00 
Platform port Transmit command: 00 00 00 01 
Platform port Transmit transport_type: 00 00 00 01 
Platform port Transmit size: 00 00 00 15 
Platform port Transmit buffer:
    05 14 e1 00 00 00 00 00 00 c6 f7 82 88 00 12 00 00 00 80 02 00 
Platform port Receive command: 00 00 00 01 
Platform port Receive transport_type: 00 00 00 01 
Platform port Receive size: 00 00 00 15 
Platform port Receive buffer:
    05 14 61 00 00 00 00 00 00 f7 fb 9a b9 00 12 00 00 00 80 02 00 
libspdm_receive_spdm_response[0] msg SPDM_CAPABILITIES(0x61), size (0x14): 
0000: 14 61 00 00 00 00 00 00 f7 fb 9a b9 00 12 00 00 00 80 02 00 
libspdm_send_spdm_request[0] msg SPDM_NEGOTIATE_ALGORITHMS(0xe3), size (0x38): 
0000: 14 e3 06 00 38 00 01 12 90 00 00 00 03 00 00 00 07 00 00 00 00 00 00 00 00 00 00 00 00 00 00 01 
0020: 02 20 1b 00 03 20 06 00 04 20 0f 00 05 20 01 00 06 20 07 00 07 20 07 00 
Platform port Transmit command: 00 00 00 01 
Platform port Transmit transport_type: 00 00 00 01 
Platform port Transmit size: 00 00 00 39 
Platform port Transmit buffer:
    05 14 e3 06 00 38 00 01 12 90 00 00 00 03 00 00 00 07 00 00 00 00 00 00 00 00 00 00 00 00 00 00 01 02 20 1b 00 03 20 06 00 04 20 0f 00 05 20 01 00 06 20 07 00 07 20 07 00 
Platform port Receive command: 00 00 00 01 
Platform port Receive transport_type: 00 00 00 01 
Platform port Receive size: 00 00 00 3d 
Platform port Receive buffer:
    05 14 63 06 00 3c 00 01 12 08 00 00 00 80 00 00 00 02 00 00 00 00 00 00 00 00 00 00 00 00 00 00 01 00 00 00 00 02 20 10 00 03 20 02 00 04 20 08 00 05 20 01 00 06 20 00 00 07 20 00 00 
libspdm_receive_spdm_response[0] msg SPDM_ALGORITHMS(0x63), size (0x3c): 
0000: 14 63 06 00 3c 00 01 12 08 00 00 00 80 00 00 00 02 00 00 00 00 00 00 00 00 00 00 00 00 00 00 01 
0020: 00 00 00 00 02 20 10 00 03 20 02 00 04 20 08 00 05 20 01 00 06 20 00 00 07 20 00 00 
base_hash - 0x00000002
base_asym - 0x00000080
dhe - 0x0010
aead - 0x0002
req_asym - 0x0008
pqc_asym - 0x00000000
req_pqc_asym - 0x0000
kem - 0x0000
slot_id - 0
req_slot_id - 0
libspdm_send_spdm_request[0] msg SPDM_GET_DIGESTS(0x81), size (0x4): 
0000: 14 81 00 00 
Platform port Transmit command: 00 00 00 01 
Platform port Transmit transport_type: 00 00 00 01 
Platform port Transmit size: 00 00 00 05 
Platform port Transmit buffer:
    05 14 81 00 00 
Platform port Receive command: 00 00 00 01 
Platform port Receive transport_type: 00 00 00 01 
Platform port Receive size: 00 00 00 a1 
Platform port Receive buffer:
    05 14 01 13 13 4c 3c 2c 4f c0 48 fc 50 7e 1c ff fb d0 32 92 78 74 c4 0b 6e 4f a3 82 1f db 9d b4 cc d0 ad 19 0e 10 03 4c 7f 95 d3 5e 12 58 d9 5c c3 14 08 8a 05 c2 4a 5b aa 9a 04 88 60 a3 9f f8 78 ad d6 52 ad d5 9c 52 48 29 b4 bb d1 94 de a4 a7 96 e7 07 95 25 53 c1 7a f6 20 93 6c f8 69 15 5c e2 dd 16 d6 4d 9c 43 ce 97 8a 0e 2d 25 af a1 49 b7 49 e7 cd 38 90 0a cd 19 3a 52 2d aa 7a db ec 3b 90 80 d3 ff 27 2a e3 4b 00 5d 13 21 85 3b 91 d2 68 6f 6c 05 05 11 01 01 01 0f 00 0f 00 0f 00 
libspdm_receive_spdm_response[0] msg SPDM_DIGESTS(0x1), size (0xa0): 
0000: 14 01 13 13 4c 3c 2c 4f c0 48 fc 50 7e 1c ff fb d0 32 92 78 74 c4 0b 6e 4f a3 82 1f db 9d b4 cc 
0020: d0 ad 19 0e 10 03 4c 7f 95 d3 5e 12 58 d9 5c c3 14 08 8a 05 c2 4a 5b aa 9a 04 88 60 a3 9f f8 78 
0040: ad d6 52 ad d5 9c 52 48 29 b4 bb d1 94 de a4 a7 96 e7 07 95 25 53 c1 7a f6 20 93 6c f8 69 15 5c 
0060: e2 dd 16 d6 4d 9c 43 ce 97 8a 0e 2d 25 af a1 49 b7 49 e7 cd 38 90 0a cd 19 3a 52 2d aa 7a db ec 
0080: 3b 90 80 d3 ff 27 2a e3 4b 00 5d 13 21 85 3b 91 d2 68 6f 6c 05 05 11 01 01 01 0f 00 0f 00 0f 00 
provisioned_slot_mask - 0x13
supported_slot_mask - 0x13
digest (0x0) - 4c 3c 2c 4f c0 48 fc 50 7e 1c ff fb d0 32 92 78 74 c4 0b 6e 4f a3 82 1f db 9d b4 cc d0 ad 19 0e 10 03 4c 7f 95 d3 5e 12 58 d9 5c c3 14 08 8a 05 
digest (0x1) - c2 4a 5b aa 9a 04 88 60 a3 9f f8 78 ad d6 52 ad d5 9c 52 48 29 b4 bb d1 94 de a4 a7 96 e7 07 95 25 53 c1 7a f6 20 93 6c f8 69 15 5c e2 dd 16 d6 
digest (0x2) - 4d 9c 43 ce 97 8a 0e 2d 25 af a1 49 b7 49 e7 cd 38 90 0a cd 19 3a 52 2d aa 7a db ec 3b 90 80 d3 ff 27 2a e3 4b 00 5d 13 21 85 3b 91 d2 68 6f 6c 
key_pair_id (0x0) - 0x05
key_pair_id (0x1) - 0x05
key_pair_id (0x2) - 0x11
cert_info (0x0) - 0x01
cert_info (0x1) - 0x01
cert_info (0x2) - 0x01
key_usage_bit_mask (0x0) - 0x000f
key_usage_bit_mask (0x1) - 0x000f
key_usage_bit_mask (0x2) - 0x000f
request (offset 0x0, size 0x27ff0):
libspdm_send_spdm_request[0] msg SPDM_GET_CERTIFICATE(0x82), size (0x10): 
0000: 14 82 80 00 00 00 00 00 00 00 00 00 f0 7f 02 00 
Platform port Transmit command: 00 00 00 01 
Platform port Transmit transport_type: 00 00 00 01 
Platform port Transmit size: 00 00 00 11 
Platform port Transmit buffer:
    05 14 82 80 00 00 00 00 00 00 00 00 00 f0 7f 02 00 
Platform port Receive command: 00 00 00 01 
Platform port Receive transport_type: 00 00 00 01 
Platform port Receive size: 00 00 06 88 
Platform port Receive buffer:
    05 14 02 80 01 00 00 00 00 77 06 00 00 00 00 00 00 77 06 00 00 ed 79 ce 9a 32 e4 ac 43 ae 6a d4 0d 50 6f 21 41 98 10 e5 4f 58 d8 c1 b7 08 ae e9 3f 9c 93 35 d6 31 0c f0 90 3d b8 9f f6 8f 9b 60 c4 42 cd f9 ce 30 82 01 d4 30 82 01 5a a0 03 02 01 02 02 14 4e 2c c9 29 56 cc 9f 61 ab b6 e0 9b 51 db e6 6f 91 83 7a e9 30 0a 06 08 2a 86 48 ce 3d 04 03 03 30 21 31 1f 30 1d 06 03 55 04 03 0c 16 44 4d 54 46 20 6c 69 62 73 70 64 6d 20 45 43 50 33 38 34 20 43 41 30 1e 17 0d 32 36 30 36 32 33 30 32 35 38 33 39 5a 17 0d 33 36 30 36 32 30 30 32 35 38 33 39 5a 30 21 31 1f 30 1d 06 03 55 04 03 0c 16 44 4d 54 46 20 6c 69 62 73 70 64 6d 20 45 43 50 33 38 34 20 43 41 30 76 30 10 06 07 2a 86 48 ce 3d 02 01 06 05 2b 81 04 00 22 03 62 00 04 08 14 c6 90 33 b3 ec f1 e3 c9 1c b1 07 fb e5 8f a2 86 23 c1 09 a9 d2 f6 05 a0 83 87 a4 3d f0 c0 fe ba 62 7a 05 14 7f e4 d6 5c 71 f1 c5 f2 31 dd f4 f5 90 a9 84 5b 35 ce 4f e0 3f e9 be e6 bf 3e 7b b3 6f 6a c9 22 0f 74 ac ae c3 74 e3 ff 6c 1d 86 51 da f7 1a 71 4b 44 51 9b 99 36 02 55 a4 9f a3 53 30 51 30 1d 06 03 55 1d 0e 04 16 04 14 4d a0 a6 e8 be 96 0b 1b 82 6a 0d 19 69 22 eb 12 0e 8c 72 db 30 1f 06 03 55 1d 23 04 18 30 16 80 14 4d a0 a6 e8 be 96 0b 1b 82 6a 0d 19 69 22 eb 12 0e 8c 72 db 30 0f 06 03 55 1d 13 01 01 ff 04 05 30 03 01 01 ff 30 0a 06 08 2a 86 48 ce 3d 04 03 03 03 68 00 30 65 02 31 00 a3 aa 37 07 8d 10 f9 42 64 22 6b 58 eb 8b 75 9a 97 29 e3 79 2f 63 20 67 37 f2 e3 d1 42 10 3d ff e8 c2 41 15 a0 b2 23 09 09 fc 45 39 5a 60 22 49 02 30 4e 06 77 f4 5d b3 6a 86 b0 01 a5 f7 8d b1 1f 9f fb d2 7d 4d 27 2d 83 e5 60 ea e8 59 fe 5b b2 0e 43 71 38 4a ed 60 34 40 ac 7b d3 58 33 04 16 69 30 82 01 fc 30 82 01 82 a0 03 02 01 02 02 01 01 30 0a 06 08 2a 86 48 ce 3d 04 03 03 30 21 31 1f 30 1d 06 03 55 04 03 0c 16 44 4d 54 46 20 6c 69 62 73 70 64 6d 20 45 43 50 33 38 34 20 43 41 30 1e 17 0d 32 36 30 36 32 33 30 32 35 38 33 39 5a 17 0d 33 36 30 36 32 30 30 32 35 38 33 39 5a 30 30 31 2e 30 2c 06 03 55 04 03 0c 25 44 4d 54 46 20 6c 69 62 73 70 64 6d 20 45 43 50 33 38 34 20 69 6e 74 65 72 6d 65 64 69 61 74 65 20 63 65 72 74 30 76 30 10 06 07 2a 86 48 ce 3d 02 01 06 05 2b 81 04 00 22 03 62 00 04 41 48 eb 59 d9 00 94 60 16 14 65 06 df 8e 43 08 d5 aa 72 79 ed d3 79 0b fa 81 7c 1b 13 3c e8 c7 e5 7c e0 d4 ea 14 29 a0 10 f4 03 8a 37 47 c6 bf 43 60 4c 1c f6 67 05 8e b4 9f c6 c2 12 52 ac 0a 4f 25 38 1e f7 99 49 f6 6c 61 e8 ee 1a c5 4f dd 88 6d f1 b1 dc 59 ce 74 88 8d ed 6f fa da 72 3e a3 7f 30 7d 30 0c 06 03 55 1d 13 04 05 30 03 01 01 ff 30 0b 06 03 55 1d 0f 04 04 03 02 01 fe 30 1d 06 03 55 1d 0e 04 16 04 14 9f 29 c1 22 b9 85 2c d6 8a ad 63 1f 7f 20 95 b4 03 6e 5c 09 30 20 06 03 55 1d 25 01 01 ff 04 16 30 14 06 08 2b 06 01 05 05 07 03 01 06 08 2b 06 01 05 05 07 03 02 30 1f 06 03 55 1d 23 04 18 30 16 80 14 4d a0 a6 e8 be 96 0b 1b 82 6a 0d 19 69 22 eb 12 0e 8c 72 db 30 0a 06 08 2a 86 48 ce 3d 04 03 03 03 68 00 30 65 02 30 17 63 16 8b 5a 2f 16 19 44 72 60 6a 51 00 44 ad bd 8b 8f c7 7d ee ec 1a 48 3d 33 43 d7 10 57 51 cd 13 ca cb 5b 4f 39 1a c8 02 cb dd 26 9f 5d 67 02 31 00 f3 f9 3b 80 f8 ae 86 fe b5 37 e4 04 e9 72 da bd 83 fb b0 32 bb e3 76 71 3a 2e f6 85 be db 59 a1 92 d1 3c ff ca 7b ee df 5e 94 5c 7a 41 37 1a ca 30 82 02 67 30 82 01 ed a0 03 02 01 02 02 01 03 30 0a 06 08 2a 86 48 ce 3d 04 03 03 30 30 31 2e 30 2c 06 03 55 04 03 0c 25 44 4d 54 46 20 6c 69 62 73 70 64 6d 20 45 43 50 33 38 34 20 69 6e 74 65 72 6d 65 64 69 61 74 65 20 63 65 72 74 30 1e 17 0d 32 36 30 36 32 33 30 32 35 38 33 39 5a 17 0d 33 36 30 36 32 30 30 32 35 38 33 39 5a 30 2d 31 2b 30 29 06 03 55 04 03 0c 22 44 4d 54 46 20 6c 69 62 73 70 64 6d 20 45 43 50 33 38 34 20 72 65 73 70 6f 6e 64 65 72 20 63 65 72 74 30 76 30 10 06 07 2a 86 48 ce 3d 02 01 06 05 2b 81 04 00 22 03 62 00 04 a7 fc 87 24 be 89 4b eb 29 13 d4 85 c9 68 bc 46 5f 17 60 1f 5a f3 4e b8 94 dc cc 39 82 27 51 0f 68 83 9a e1 45 d1 9f ef 76 95 d3 00 cb 13 77 31 12 9c 33 d0 36 dc a2 61 9e af cb 19 36 1c c8 55 1f 53 b9 7f 33 60 8b 56 9d d6 2b 00 77 36 0c 72 c0 68 81 82 56 34 41 0e 12 26 ee a3 a4 e4 85 3d a3 81 dd 30 81 da 30 0c 06 03 55 1d 13 01 01 ff 04 02 30 00 30 0b 06 03 55 1d 0f 04 04 03 02 05 e0 30 1d 06 03 55 1d 0e 04 16 04 14 ec aa 6a a1 85 9c a3 c2 4e bd 20 d8 96 cf 94 73 c5 80 51 9c 30 31 06 03 55 1d 11 04 2a 30 28 a0 26 06 0a 2b 06 01 04 01 83 1c 82 12 01 a0 18 0c 16 41 43 4d 45 3a 57 49 44 47 45 54 3a 31 32 33 34 35 36 37 38 39 30 30 2a 06 03 55 1d 25 01 01 ff 04 20 30 1e 06 08 2b 06 01 05 05 07 03 01 06 08 2b 06 01 05 05 07 03 02 06 08 2b 06 01 05 05 07 03 09 30 1e 06 0a 2b 06 01 04 01 83 1c 82 12 06 04 10 30 0e 30 0c 06 0a 2b 06 01 04 01 83 1c 82 12 02 30 1f 06 03 55 1d 23 04 18 30 16 80 14 9f 29 c1 22 b9 85 2c d6 8a ad 63 1f 7f 20 95 b4 03 6e 5c 09 30 0a 06 08 2a 86 48 ce 3d 04 03 03 03 68 00 30 65 02 31 00 99 f3 c4 66 ec db 65 42 85 d0 4b 4b a9 fe 88 cb f2 7a bd 4b ee dc a9 95 a6 7e 8b ce 36 c0 9f c0 03 06 d9 28 d9 e2 d6 30 8e 0b f9 87 03 94 ad e1 02 30 47 16 c3 38 22 fa b2 e1 68 0e 40 58 18 39 48 3c 92 35 10 bb ee 51 f7 aa 86 6a cd d2 60 33 66 be 30 3e ee 2b 55 1f d6 a8 94 09 35 44 9b fe 06 6d 
libspdm_receive_spdm_response[0] msg SPDM_CERTIFICATE(0x2), size (0x687): 
0000: 14 02 80 01 00 00 00 00 77 06 00 00 00 00 00 00 77 06 00 00 ed 79 ce 9a 32 e4 ac 43 ae 6a d4 0d 
0020: 50 6f 21 41 98 10 e5 4f 58 d8 c1 b7 08 ae e9 3f 9c 93 35 d6 31 0c f0 90 3d b8 9f f6 8f 9b 60 c4 
0040: 42 cd f9 ce 30 82 01 d4 30 82 01 5a a0 03 02 01 02 02 14 4e 2c c9 29 56 cc 9f 61 ab b6 e0 9b 51 
0060: db e6 6f 91 83 7a e9 30 0a 06 08 2a 86 48 ce 3d 04 03 03 30 21 31 1f 30 1d 06 03 55 04 03 0c 16 
0080: 44 4d 54 46 20 6c 69 62 73 70 64 6d 20 45 43 50 33 38 34 20 43 41 30 1e 17 0d 32 36 30 36 32 33 
00a0: 30 32 35 38 33 39 5a 17 0d 33 36 30 36 32 30 30 32 35 38 33 39 5a 30 21 31 1f 30 1d 06 03 55 04 
00c0: 03 0c 16 44 4d 54 46 20 6c 69 62 73 70 64 6d 20 45 43 50 33 38 34 20 43 41 30 76 30 10 06 07 2a 
00e0: 86 48 ce 3d 02 01 06 05 2b 81 04 00 22 03 62 00 04 08 14 c6 90 33 b3 ec f1 e3 c9 1c b1 07 fb e5 
0100: 8f a2 86 23 c1 09 a9 d2 f6 05 a0 83 87 a4 3d f0 c0 fe ba 62 7a 05 14 7f e4 d6 5c 71 f1 c5 f2 31 
0120: dd f4 f5 90 a9 84 5b 35 ce 4f e0 3f e9 be e6 bf 3e 7b b3 6f 6a c9 22 0f 74 ac ae c3 74 e3 ff 6c 
0140: 1d 86 51 da f7 1a 71 4b 44 51 9b 99 36 02 55 a4 9f a3 53 30 51 30 1d 06 03 55 1d 0e 04 16 04 14 
0160: 4d a0 a6 e8 be 96 0b 1b 82 6a 0d 19 69 22 eb 12 0e 8c 72 db 30 1f 06 03 55 1d 23 04 18 30 16 80 
0180: 14 4d a0 a6 e8 be 96 0b 1b 82 6a 0d 19 69 22 eb 12 0e 8c 72 db 30 0f 06 03 55 1d 13 01 01 ff 04 
01a0: 05 30 03 01 01 ff 30 0a 06 08 2a 86 48 ce 3d 04 03 03 03 68 00 30 65 02 31 00 a3 aa 37 07 8d 10 
01c0: f9 42 64 22 6b 58 eb 8b 75 9a 97 29 e3 79 2f 63 20 67 37 f2 e3 d1 42 10 3d ff e8 c2 41 15 a0 b2 
01e0: 23 09 09 fc 45 39 5a 60 22 49 02 30 4e 06 77 f4 5d b3 6a 86 b0 01 a5 f7 8d b1 1f 9f fb d2 7d 4d 
0200: 27 2d 83 e5 60 ea e8 59 fe 5b b2 0e 43 71 38 4a ed 60 34 40 ac 7b d3 58 33 04 16 69 30 82 01 fc 
0220: 30 82 01 82 a0 03 02 01 02 02 01 01 30 0a 06 08 2a 86 48 ce 3d 04 03 03 30 21 31 1f 30 1d 06 03 
0240: 55 04 03 0c 16 44 4d 54 46 20 6c 69 62 73 70 64 6d 20 45 43 50 33 38 34 20 43 41 30 1e 17 0d 32 
0260: 36 30 36 32 33 30 32 35 38 33 39 5a 17 0d 33 36 30 36 32 30 30 32 35 38 33 39 5a 30 30 31 2e 30 
0280: 2c 06 03 55 04 03 0c 25 44 4d 54 46 20 6c 69 62 73 70 64 6d 20 45 43 50 33 38 34 20 69 6e 74 65 
02a0: 72 6d 65 64 69 61 74 65 20 63 65 72 74 30 76 30 10 06 07 2a 86 48 ce 3d 02 01 06 05 2b 81 04 00 
02c0: 22 03 62 00 04 41 48 eb 59 d9 00 94 60 16 14 65 06 df 8e 43 08 d5 aa 72 79 ed d3 79 0b fa 81 7c 
02e0: 1b 13 3c e8 c7 e5 7c e0 d4 ea 14 29 a0 10 f4 03 8a 37 47 c6 bf 43 60 4c 1c f6 67 05 8e b4 9f c6 
0300: c2 12 52 ac 0a 4f 25 38 1e f7 99 49 f6 6c 61 e8 ee 1a c5 4f dd 88 6d f1 b1 dc 59 ce 74 88 8d ed 
0320: 6f fa da 72 3e a3 7f 30 7d 30 0c 06 03 55 1d 13 04 05 30 03 01 01 ff 30 0b 06 03 55 1d 0f 04 04 
0340: 03 02 01 fe 30 1d 06 03 55 1d 0e 04 16 04 14 9f 29 c1 22 b9 85 2c d6 8a ad 63 1f 7f 20 95 b4 03 
0360: 6e 5c 09 30 20 06 03 55 1d 25 01 01 ff 04 16 30 14 06 08 2b 06 01 05 05 07 03 01 06 08 2b 06 01 
0380: 05 05 07 03 02 30 1f 06 03 55 1d 23 04 18 30 16 80 14 4d a0 a6 e8 be 96 0b 1b 82 6a 0d 19 69 22 
03a0: eb 12 0e 8c 72 db 30 0a 06 08 2a 86 48 ce 3d 04 03 03 03 68 00 30 65 02 30 17 63 16 8b 5a 2f 16 
03c0: 19 44 72 60 6a 51 00 44 ad bd 8b 8f c7 7d ee ec 1a 48 3d 33 43 d7 10 57 51 cd 13 ca cb 5b 4f 39 
03e0: 1a c8 02 cb dd 26 9f 5d 67 02 31 00 f3 f9 3b 80 f8 ae 86 fe b5 37 e4 04 e9 72 da bd 83 fb b0 32 
0400: bb e3 76 71 3a 2e f6 85 be db 59 a1 92 d1 3c ff ca 7b ee df 5e 94 5c 7a 41 37 1a ca 30 82 02 67 
0420: 30 82 01 ed a0 03 02 01 02 02 01 03 30 0a 06 08 2a 86 48 ce 3d 04 03 03 30 30 31 2e 30 2c 06 03 
0440: 55 04 03 0c 25 44 4d 54 46 20 6c 69 62 73 70 64 6d 20 45 43 50 33 38 34 20 69 6e 74 65 72 6d 65 
0460: 64 69 61 74 65 20 63 65 72 74 30 1e 17 0d 32 36 30 36 32 33 30 32 35 38 33 39 5a 17 0d 33 36 30 
0480: 36 32 30 30 32 35 38 33 39 5a 30 2d 31 2b 30 29 06 03 55 04 03 0c 22 44 4d 54 46 20 6c 69 62 73 
04a0: 70 64 6d 20 45 43 50 33 38 34 20 72 65 73 70 6f 6e 64 65 72 20 63 65 72 74 30 76 30 10 06 07 2a 
04c0: 86 48 ce 3d 02 01 06 05 2b 81 04 00 22 03 62 00 04 a7 fc 87 24 be 89 4b eb 29 13 d4 85 c9 68 bc 
04e0: 46 5f 17 60 1f 5a f3 4e b8 94 dc cc 39 82 27 51 0f 68 83 9a e1 45 d1 9f ef 76 95 d3 00 cb 13 77 
0500: 31 12 9c 33 d0 36 dc a2 61 9e af cb 19 36 1c c8 55 1f 53 b9 7f 33 60 8b 56 9d d6 2b 00 77 36 0c 
0520: 72 c0 68 81 82 56 34 41 0e 12 26 ee a3 a4 e4 85 3d a3 81 dd 30 81 da 30 0c 06 03 55 1d 13 01 01 
0540: ff 04 02 30 00 30 0b 06 03 55 1d 0f 04 04 03 02 05 e0 30 1d 06 03 55 1d 0e 04 16 04 14 ec aa 6a 
0560: a1 85 9c a3 c2 4e bd 20 d8 96 cf 94 73 c5 80 51 9c 30 31 06 03 55 1d 11 04 2a 30 28 a0 26 06 0a 
0580: 2b 06 01 04 01 83 1c 82 12 01 a0 18 0c 16 41 43 4d 45 3a 57 49 44 47 45 54 3a 31 32 33 34 35 36 
05a0: 37 38 39 30 30 2a 06 03 55 1d 25 01 01 ff 04 20 30 1e 06 08 2b 06 01 05 05 07 03 01 06 08 2b 06 
05c0: 01 05 05 07 03 02 06 08 2b 06 01 05 05 07 03 09 30 1e 06 0a 2b 06 01 04 01 83 1c 82 12 06 04 10 
05e0: 30 0e 30 0c 06 0a 2b 06 01 04 01 83 1c 82 12 02 30 1f 06 03 55 1d 23 04 18 30 16 80 14 9f 29 c1 
0600: 22 b9 85 2c d6 8a ad 63 1f 7f 20 95 b4 03 6e 5c 09 30 0a 06 08 2a 86 48 ce 3d 04 03 03 03 68 00 
0620: 30 65 02 31 00 99 f3 c4 66 ec db 65 42 85 d0 4b 4b a9 fe 88 cb f2 7a bd 4b ee dc a9 95 a6 7e 8b 
0640: ce 36 c0 9f c0 03 06 d9 28 d9 e2 d6 30 8e 0b f9 87 03 94 ad e1 02 30 47 16 c3 38 22 fa b2 e1 68 
0660: 0e 40 58 18 39 48 3c 92 35 10 bb ee 51 f7 aa 86 6a cd d2 60 33 66 be 30 3e ee 2b 55 1f d6 a8 94 
0680: 09 35 44 9b fe 06 6d 
cert_info - 0x01
Certificate (offset 0x0, size 0x677):
0000: 77 06 00 00 ed 79 ce 9a 32 e4 ac 43 ae 6a d4 0d 50 6f 21 41 98 10 e5 4f 58 d8 c1 b7 08 ae e9 3f 
0020: 9c 93 35 d6 31 0c f0 90 3d b8 9f f6 8f 9b 60 c4 42 cd f9 ce 30 82 01 d4 30 82 01 5a a0 03 02 01 
0040: 02 02 14 4e 2c c9 29 56 cc 9f 61 ab b6 e0 9b 51 db e6 6f 91 83 7a e9 30 0a 06 08 2a 86 48 ce 3d 
0060: 04 03 03 30 21 31 1f 30 1d 06 03 55 04 03 0c 16 44 4d 54 46 20 6c 69 62 73 70 64 6d 20 45 43 50 
0080: 33 38 34 20 43 41 30 1e 17 0d 32 36 30 36 32 33 30 32 35 38 33 39 5a 17 0d 33 36 30 36 32 30 30 
00a0: 32 35 38 33 39 5a 30 21 31 1f 30 1d 06 03 55 04 03 0c 16 44 4d 54 46 20 6c 69 62 73 70 64 6d 20 
00c0: 45 43 50 33 38 34 20 43 41 30 76 30 10 06 07 2a 86 48 ce 3d 02 01 06 05 2b 81 04 00 22 03 62 00 
00e0: 04 08 14 c6 90 33 b3 ec f1 e3 c9 1c b1 07 fb e5 8f a2 86 23 c1 09 a9 d2 f6 05 a0 83 87 a4 3d f0 
0100: c0 fe ba 62 7a 05 14 7f e4 d6 5c 71 f1 c5 f2 31 dd f4 f5 90 a9 84 5b 35 ce 4f e0 3f e9 be e6 bf 
0120: 3e 7b b3 6f 6a c9 22 0f 74 ac ae c3 74 e3 ff 6c 1d 86 51 da f7 1a 71 4b 44 51 9b 99 36 02 55 a4 
0140: 9f a3 53 30 51 30 1d 06 03 55 1d 0e 04 16 04 14 4d a0 a6 e8 be 96 0b 1b 82 6a 0d 19 69 22 eb 12 
0160: 0e 8c 72 db 30 1f 06 03 55 1d 23 04 18 30 16 80 14 4d a0 a6 e8 be 96 0b 1b 82 6a 0d 19 69 22 eb 
0180: 12 0e 8c 72 db 30 0f 06 03 55 1d 13 01 01 ff 04 05 30 03 01 01 ff 30 0a 06 08 2a 86 48 ce 3d 04 
01a0: 03 03 03 68 00 30 65 02 31 00 a3 aa 37 07 8d 10 f9 42 64 22 6b 58 eb 8b 75 9a 97 29 e3 79 2f 63 
01c0: 20 67 37 f2 e3 d1 42 10 3d ff e8 c2 41 15 a0 b2 23 09 09 fc 45 39 5a 60 22 49 02 30 4e 06 77 f4 
01e0: 5d b3 6a 86 b0 01 a5 f7 8d b1 1f 9f fb d2 7d 4d 27 2d 83 e5 60 ea e8 59 fe 5b b2 0e 43 71 38 4a 
0200: ed 60 34 40 ac 7b d3 58 33 04 16 69 30 82 01 fc 30 82 01 82 a0 03 02 01 02 02 01 01 30 0a 06 08 
0220: 2a 86 48 ce 3d 04 03 03 30 21 31 1f 30 1d 06 03 55 04 03 0c 16 44 4d 54 46 20 6c 69 62 73 70 64 
0240: 6d 20 45 43 50 33 38 34 20 43 41 30 1e 17 0d 32 36 30 36 32 33 30 32 35 38 33 39 5a 17 0d 33 36 
0260: 30 36 32 30 30 32 35 38 33 39 5a 30 30 31 2e 30 2c 06 03 55 04 03 0c 25 44 4d 54 46 20 6c 69 62 
0280: 73 70 64 6d 20 45 43 50 33 38 34 20 69 6e 74 65 72 6d 65 64 69 61 74 65 20 63 65 72 74 30 76 30 
02a0: 10 06 07 2a 86 48 ce 3d 02 01 06 05 2b 81 04 00 22 03 62 00 04 41 48 eb 59 d9 00 94 60 16 14 65 
02c0: 06 df 8e 43 08 d5 aa 72 79 ed d3 79 0b fa 81 7c 1b 13 3c e8 c7 e5 7c e0 d4 ea 14 29 a0 10 f4 03 
02e0: 8a 37 47 c6 bf 43 60 4c 1c f6 67 05 8e b4 9f c6 c2 12 52 ac 0a 4f 25 38 1e f7 99 49 f6 6c 61 e8 
0300: ee 1a c5 4f dd 88 6d f1 b1 dc 59 ce 74 88 8d ed 6f fa da 72 3e a3 7f 30 7d 30 0c 06 03 55 1d 13 
0320: 04 05 30 03 01 01 ff 30 0b 06 03 55 1d 0f 04 04 03 02 01 fe 30 1d 06 03 55 1d 0e 04 16 04 14 9f 
0340: 29 c1 22 b9 85 2c d6 8a ad 63 1f 7f 20 95 b4 03 6e 5c 09 30 20 06 03 55 1d 25 01 01 ff 04 16 30 
0360: 14 06 08 2b 06 01 05 05 07 03 01 06 08 2b 06 01 05 05 07 03 02 30 1f 06 03 55 1d 23 04 18 30 16 
0380: 80 14 4d a0 a6 e8 be 96 0b 1b 82 6a 0d 19 69 22 eb 12 0e 8c 72 db 30 0a 06 08 2a 86 48 ce 3d 04 
03a0: 03 03 03 68 00 30 65 02 30 17 63 16 8b 5a 2f 16 19 44 72 60 6a 51 00 44 ad bd 8b 8f c7 7d ee ec 
03c0: 1a 48 3d 33 43 d7 10 57 51 cd 13 ca cb 5b 4f 39 1a c8 02 cb dd 26 9f 5d 67 02 31 00 f3 f9 3b 80 
03e0: f8 ae 86 fe b5 37 e4 04 e9 72 da bd 83 fb b0 32 bb e3 76 71 3a 2e f6 85 be db 59 a1 92 d1 3c ff 
0400: ca 7b ee df 5e 94 5c 7a 41 37 1a ca 30 82 02 67 30 82 01 ed a0 03 02 01 02 02 01 03 30 0a 06 08 
0420: 2a 86 48 ce 3d 04 03 03 30 30 31 2e 30 2c 06 03 55 04 03 0c 25 44 4d 54 46 20 6c 69 62 73 70 64 
0440: 6d 20 45 43 50 33 38 34 20 69 6e 74 65 72 6d 65 64 69 61 74 65 20 63 65 72 74 30 1e 17 0d 32 36 
0460: 30 36 32 33 30 32 35 38 33 39 5a 17 0d 33 36 30 36 32 30 30 32 35 38 33 39 5a 30 2d 31 2b 30 29 
0480: 06 03 55 04 03 0c 22 44 4d 54 46 20 6c 69 62 73 70 64 6d 20 45 43 50 33 38 34 20 72 65 73 70 6f 
04a0: 6e 64 65 72 20 63 65 72 74 30 76 30 10 06 07 2a 86 48 ce 3d 02 01 06 05 2b 81 04 00 22 03 62 00 
04c0: 04 a7 fc 87 24 be 89 4b eb 29 13 d4 85 c9 68 bc 46 5f 17 60 1f 5a f3 4e b8 94 dc cc 39 82 27 51 
04e0: 0f 68 83 9a e1 45 d1 9f ef 76 95 d3 00 cb 13 77 31 12 9c 33 d0 36 dc a2 61 9e af cb 19 36 1c c8 
0500: 55 1f 53 b9 7f 33 60 8b 56 9d d6 2b 00 77 36 0c 72 c0 68 81 82 56 34 41 0e 12 26 ee a3 a4 e4 85 
0520: 3d a3 81 dd 30 81 da 30 0c 06 03 55 1d 13 01 01 ff 04 02 30 00 30 0b 06 03 55 1d 0f 04 04 03 02 
0540: 05 e0 30 1d 06 03 55 1d 0e 04 16 04 14 ec aa 6a a1 85 9c a3 c2 4e bd 20 d8 96 cf 94 73 c5 80 51 
0560: 9c 30 31 06 03 55 1d 11 04 2a 30 28 a0 26 06 0a 2b 06 01 04 01 83 1c 82 12 01 a0 18 0c 16 41 43 
0580: 4d 45 3a 57 49 44 47 45 54 3a 31 32 33 34 35 36 37 38 39 30 30 2a 06 03 55 1d 25 01 01 ff 04 20 
05a0: 30 1e 06 08 2b 06 01 05 05 07 03 01 06 08 2b 06 01 05 05 07 03 02 06 08 2b 06 01 05 05 07 03 09 
05c0: 30 1e 06 0a 2b 06 01 04 01 83 1c 82 12 06 04 10 30 0e 30 0c 06 0a 2b 06 01 04 01 83 1c 82 12 02 
05e0: 30 1f 06 03 55 1d 23 04 18 30 16 80 14 9f 29 c1 22 b9 85 2c d6 8a ad 63 1f 7f 20 95 b4 03 6e 5c 
0600: 09 30 0a 06 08 2a 86 48 ce 3d 04 03 03 03 68 00 30 65 02 31 00 99 f3 c4 66 ec db 65 42 85 d0 4b 
0620: 4b a9 fe 88 cb f2 7a bd 4b ee dc a9 95 a6 7e 8b ce 36 c0 9f c0 03 06 d9 28 d9 e2 d6 30 8e 0b f9 
0640: 87 03 94 ad e1 02 30 47 16 c3 38 22 fa b2 e1 68 0e 40 58 18 39 48 3c 92 35 10 bb ee 51 f7 aa 86 
0660: 6a cd d2 60 33 66 be 30 3e ee 2b 55 1f d6 a8 94 09 35 44 9b fe 06 6d 
!!! VerifyCertificateChainBuffer - PASS (cert root hash match) !!!
!!! verify_peer_cert_chain_buffer - PASS !!!
request (offset 0x0, size 0x27ff0):
libspdm_send_spdm_request[0] msg SPDM_GET_CERTIFICATE(0x82), size (0x10): 
0000: 14 82 84 00 00 00 00 00 00 00 00 00 f0 7f 02 00 
Platform port Transmit command: 00 00 00 01 
Platform port Transmit transport_type: 00 00 00 01 
Platform port Transmit size: 00 00 00 11 
Platform port Transmit buffer:
    05 14 82 84 00 00 00 00 00 00 00 00 00 f0 7f 02 00 
Platform port Receive command: 00 00 00 01 
Platform port Receive transport_type: 00 00 00 01 
Platform port Receive size: 00 00 06 8d 
Platform port Receive buffer:
    05 14 02 84 01 00 00 00 00 7c 06 00 00 00 00 00 00 7c 06 00 00 ed 79 ce 9a 32 e4 ac 43 ae 6a d4 0d 50 6f 21 41 98 10 e5 4f 58 d8 c1 b7 08 ae e9 3f 9c 93 35 d6 31 0c f0 90 3d b8 9f f6 8f 9b 60 c4 42 cd f9 ce 30 82 01 d4 30 82 01 5a a0 03 02 01 02 02 14 4e 2c c9 29 56 cc 9f 61 ab b6 e0 9b 51 db e6 6f 91 83 7a e9 30 0a 06 08 2a 86 48 ce 3d 04 03 03 30 21 31 1f 30 1d 06 03 55 04 03 0c 16 44 4d 54 46 20 6c 69 62 73 70 64 6d 20 45 43 50 33 38 34 20 43 41 30 1e 17 0d 32 36 30 36 32 33 30 32 35 38 33 39 5a 17 0d 33 36 30 36 32 30 30 32 35 38 33 39 5a 30 21 31 1f 30 1d 06 03 55 04 03 0c 16 44 4d 54 46 20 6c 69 62 73 70 64 6d 20 45 43 50 33 38 34 20 43 41 30 76 30 10 06 07 2a 86 48 ce 3d 02 01 06 05 2b 81 04 00 22 03 62 00 04 08 14 c6 90 33 b3 ec f1 e3 c9 1c b1 07 fb e5 8f a2 86 23 c1 09 a9 d2 f6 05 a0 83 87 a4 3d f0 c0 fe ba 62 7a 05 14 7f e4 d6 5c 71 f1 c5 f2 31 dd f4 f5 90 a9 84 5b 35 ce 4f e0 3f e9 be e6 bf 3e 7b b3 6f 6a c9 22 0f 74 ac ae c3 74 e3 ff 6c 1d 86 51 da f7 1a 71 4b 44 51 9b 99 36 02 55 a4 9f a3 53 30 51 30 1d 06 03 55 1d 0e 04 16 04 14 4d a0 a6 e8 be 96 0b 1b 82 6a 0d 19 69 22 eb 12 0e 8c 72 db 30 1f 06 03 55 1d 23 04 18 30 16 80 14 4d a0 a6 e8 be 96 0b 1b 82 6a 0d 19 69 22 eb 12 0e 8c 72 db 30 0f 06 03 55 1d 13 01 01 ff 04 05 30 03 01 01 ff 30 0a 06 08 2a 86 48 ce 3d 04 03 03 03 68 00 30 65 02 31 00 a3 aa 37 07 8d 10 f9 42 64 22 6b 58 eb 8b 75 9a 97 29 e3 79 2f 63 20 67 37 f2 e3 d1 42 10 3d ff e8 c2 41 15 a0 b2 23 09 09 fc 45 39 5a 60 22 49 02 30 4e 06 77 f4 5d b3 6a 86 b0 01 a5 f7 8d b1 1f 9f fb d2 7d 4d 27 2d 83 e5 60 ea e8 59 fe 5b b2 0e 43 71 38 4a ed 60 34 40 ac 7b d3 58 33 04 16 69 30 82 01 fc 30 82 01 82 a0 03 02 01 02 02 01 01 30 0a 06 08 2a 86 48 ce 3d 04 03 03 30 21 31 1f 30 1d 06 03 55 04 03 0c 16 44 4d 54 46 20 6c 69 62 73 70 64 6d 20 45 43 50 33 38 34 20 43 41 30 1e 17 0d 32 36 30 36 32 33 30 32 35 38 33 39 5a 17 0d 33 36 30 36 32 30 30 32 35 38 33 39 5a 30 30 31 2e 30 2c 06 03 55 04 03 0c 25 44 4d 54 46 20 6c 69 62 73 70 64 6d 20 45 43 50 33 38 34 20 69 6e 74 65 72 6d 65 64 69 61 74 65 20 63 65 72 74 30 76 30 10 06 07 2a 86 48 ce 3d 02 01 06 05 2b 81 04 00 22 03 62 00 04 41 48 eb 59 d9 00 94 60 16 14 65 06 df 8e 43 08 d5 aa 72 79 ed d3 79 0b fa 81 7c 1b 13 3c e8 c7 e5 7c e0 d4 ea 14 29 a0 10 f4 03 8a 37 47 c6 bf 43 60 4c 1c f6 67 05 8e b4 9f c6 c2 12 52 ac 0a 4f 25 38 1e f7 99 49 f6 6c 61 e8 ee 1a c5 4f dd 88 6d f1 b1 dc 59 ce 74 88 8d ed 6f fa da 72 3e a3 7f 30 7d 30 0c 06 03 55 1d 13 04 05 30 03 01 01 ff 30 0b 06 03 55 1d 0f 04 04 03 02 01 fe 30 1d 06 03 55 1d 0e 04 16 04 14 9f 29 c1 22 b9 85 2c d6 8a ad 63 1f 7f 20 95 b4 03 6e 5c 09 30 20 06 03 55 1d 25 01 01 ff 04 16 30 14 06 08 2b 06 01 05 05 07 03 01 06 08 2b 06 01 05 05 07 03 02 30 1f 06 03 55 1d 23 04 18 30 16 80 14 4d a0 a6 e8 be 96 0b 1b 82 6a 0d 19 69 22 eb 12 0e 8c 72 db 30 0a 06 08 2a 86 48 ce 3d 04 03 03 03 68 00 30 65 02 30 17 63 16 8b 5a 2f 16 19 44 72 60 6a 51 00 44 ad bd 8b 8f c7 7d ee ec 1a 48 3d 33 43 d7 10 57 51 cd 13 ca cb 5b 4f 39 1a c8 02 cb dd 26 9f 5d 67 02 31 00 f3 f9 3b 80 f8 ae 86 fe b5 37 e4 04 e9 72 da bd 83 fb b0 32 bb e3 76 71 3a 2e f6 85 be db 59 a1 92 d1 3c ff ca 7b ee df 5e 94 5c 7a 41 37 1a ca 30 82 02 6c 30 82 01 f3 a0 03 02 01 02 02 01 41 30 0a 06 08 2a 86 48 ce 3d 04 03 03 30 30 31 2e 30 2c 06 03 55 04 03 0c 25 44 4d 54 46 20 6c 69 62 73 70 64 6d 20 45 43 50 33 38 34 20 69 6e 74 65 72 6d 65 64 69 61 74 65 20 63 65 72 74 30 1e 17 0d 32 36 30 36 32 33 30 32 35 39 34 30 5a 17 0d 33 36 30 36 32 30 30 32 35 39 34 30 5a 30 33 31 31 30 2f 06 03 55 04 03 0c 28 44 4d 54 46 20 6c 69 62 73 70 64 6d 20 65 63 70 33 38 34 20 72 65 73 70 6f 6e 64 65 72 20 63 65 72 74 20 73 6c 6f 74 34 30 76 30 10 06 07 2a 86 48 ce 3d 02 01 06 05 2b 81 04 00 22 03 62 00 04 8f eb b5 20 b6 75 09 64 28 66 24 b2 1d 69 5b ab 70 f4 01 35 ac 7e ce 68 40 f2 b2 72 86 a0 d0 85 dd 2b 78 8b fd 23 a3 fd c3 aa 27 ce e1 84 4a e0 78 39 f6 52 83 19 b3 77 e4 5f dd 6d 10 4f 04 c1 2c f4 f4 e9 87 c1 26 63 4f 4f 81 59 8e 22 b8 f4 1c de 7b 91 5b 85 b1 b8 78 e9 ab 20 e6 9a 52 a9 a3 81 dd 30 81 da 30 0c 06 03 55 1d 13 01 01 ff 04 02 30 00 30 0b 06 03 55 1d 0f 04 04 03 02 05 e0 30 1d 06 03 55 1d 0e 04 16 04 14 30 27 4f 25 a4 9b 16 fa d7 44 9f 9e a3 43 6d 25 a1 6d d2 f1 30 31 06 03 55 1d 11 04 2a 30 28 a0 26 06 0a 2b 06 01 04 01 83 1c 82 12 01 a0 18 0c 16 41 43 4d 45 3a 57 49 44 47 45 54 3a 31 32 33 34 35 36 37 38 39 30 30 2a 06 03 55 1d 25 01 01 ff 04 20 30 1e 06 08 2b 06 01 05 05 07 03 01 06 08 2b 06 01 05 05 07 03 02 06 08 2b 06 01 05 05 07 03 09 30 1e 06 0a 2b 06 01 04 01 83 1c 82 12 06 04 10 30 0e 30 0c 06 0a 2b 06 01 04 01 83 1c 82 12 02 30 1f 06 03 55 1d 23 04 18 30 16 80 14 9f 29 c1 22 b9 85 2c d6 8a ad 63 1f 7f 20 95 b4 03 6e 5c 09 30 0a 06 08 2a 86 48 ce 3d 04 03 03 03 67 00 30 64 02 30 7f c0 04 b7 e7 0b 0a 09 06 7d 6b d5 b8 20 6a 27 ea 68 ff 34 a9 b2 3e ba 83 7d 54 ae 28 68 fc ee 99 a7 5b d3 b8 5e 57 05 e3 c4 aa e1 da 0f 7d 1f 02 30 22 1c 40 f3 a6 fa 64 44 20 06 87 f2 98 b0 01 f1 53 31 ba 16 b3 52 26 6b 44 fa ed 9f 55 c5 6b 17 b7 dc 41 b1 7b b8 29 4a e1 c8 0d 61 86 23 2a c0 
libspdm_receive_spdm_response[0] msg SPDM_CERTIFICATE(0x2), size (0x68c): 
0000: 14 02 84 01 00 00 00 00 7c 06 00 00 00 00 00 00 7c 06 00 00 ed 79 ce 9a 32 e4 ac 43 ae 6a d4 0d 
0020: 50 6f 21 41 98 10 e5 4f 58 d8 c1 b7 08 ae e9 3f 9c 93 35 d6 31 0c f0 90 3d b8 9f f6 8f 9b 60 c4 
0040: 42 cd f9 ce 30 82 01 d4 30 82 01 5a a0 03 02 01 02 02 14 4e 2c c9 29 56 cc 9f 61 ab b6 e0 9b 51 
0060: db e6 6f 91 83 7a e9 30 0a 06 08 2a 86 48 ce 3d 04 03 03 30 21 31 1f 30 1d 06 03 55 04 03 0c 16 
0080: 44 4d 54 46 20 6c 69 62 73 70 64 6d 20 45 43 50 33 38 34 20 43 41 30 1e 17 0d 32 36 30 36 32 33 
00a0: 30 32 35 38 33 39 5a 17 0d 33 36 30 36 32 30 30 32 35 38 33 39 5a 30 21 31 1f 30 1d 06 03 55 04 
00c0: 03 0c 16 44 4d 54 46 20 6c 69 62 73 70 64 6d 20 45 43 50 33 38 34 20 43 41 30 76 30 10 06 07 2a 
00e0: 86 48 ce 3d 02 01 06 05 2b 81 04 00 22 03 62 00 04 08 14 c6 90 33 b3 ec f1 e3 c9 1c b1 07 fb e5 
0100: 8f a2 86 23 c1 09 a9 d2 f6 05 a0 83 87 a4 3d f0 c0 fe ba 62 7a 05 14 7f e4 d6 5c 71 f1 c5 f2 31 
0120: dd f4 f5 90 a9 84 5b 35 ce 4f e0 3f e9 be e6 bf 3e 7b b3 6f 6a c9 22 0f 74 ac ae c3 74 e3 ff 6c 
0140: 1d 86 51 da f7 1a 71 4b 44 51 9b 99 36 02 55 a4 9f a3 53 30 51 30 1d 06 03 55 1d 0e 04 16 04 14 
0160: 4d a0 a6 e8 be 96 0b 1b 82 6a 0d 19 69 22 eb 12 0e 8c 72 db 30 1f 06 03 55 1d 23 04 18 30 16 80 
0180: 14 4d a0 a6 e8 be 96 0b 1b 82 6a 0d 19 69 22 eb 12 0e 8c 72 db 30 0f 06 03 55 1d 13 01 01 ff 04 
01a0: 05 30 03 01 01 ff 30 0a 06 08 2a 86 48 ce 3d 04 03 03 03 68 00 30 65 02 31 00 a3 aa 37 07 8d 10 
01c0: f9 42 64 22 6b 58 eb 8b 75 9a 97 29 e3 79 2f 63 20 67 37 f2 e3 d1 42 10 3d ff e8 c2 41 15 a0 b2 
01e0: 23 09 09 fc 45 39 5a 60 22 49 02 30 4e 06 77 f4 5d b3 6a 86 b0 01 a5 f7 8d b1 1f 9f fb d2 7d 4d 
0200: 27 2d 83 e5 60 ea e8 59 fe 5b b2 0e 43 71 38 4a ed 60 34 40 ac 7b d3 58 33 04 16 69 30 82 01 fc 
0220: 30 82 01 82 a0 03 02 01 02 02 01 01 30 0a 06 08 2a 86 48 ce 3d 04 03 03 30 21 31 1f 30 1d 06 03 
0240: 55 04 03 0c 16 44 4d 54 46 20 6c 69 62 73 70 64 6d 20 45 43 50 33 38 34 20 43 41 30 1e 17 0d 32 
0260: 36 30 36 32 33 30 32 35 38 33 39 5a 17 0d 33 36 30 36 32 30 30 32 35 38 33 39 5a 30 30 31 2e 30 
0280: 2c 06 03 55 04 03 0c 25 44 4d 54 46 20 6c 69 62 73 70 64 6d 20 45 43 50 33 38 34 20 69 6e 74 65 
02a0: 72 6d 65 64 69 61 74 65 20 63 65 72 74 30 76 30 10 06 07 2a 86 48 ce 3d 02 01 06 05 2b 81 04 00 
02c0: 22 03 62 00 04 41 48 eb 59 d9 00 94 60 16 14 65 06 df 8e 43 08 d5 aa 72 79 ed d3 79 0b fa 81 7c 
02e0: 1b 13 3c e8 c7 e5 7c e0 d4 ea 14 29 a0 10 f4 03 8a 37 47 c6 bf 43 60 4c 1c f6 67 05 8e b4 9f c6 
0300: c2 12 52 ac 0a 4f 25 38 1e f7 99 49 f6 6c 61 e8 ee 1a c5 4f dd 88 6d f1 b1 dc 59 ce 74 88 8d ed 
0320: 6f fa da 72 3e a3 7f 30 7d 30 0c 06 03 55 1d 13 04 05 30 03 01 01 ff 30 0b 06 03 55 1d 0f 04 04 
0340: 03 02 01 fe 30 1d 06 03 55 1d 0e 04 16 04 14 9f 29 c1 22 b9 85 2c d6 8a ad 63 1f 7f 20 95 b4 03 
0360: 6e 5c 09 30 20 06 03 55 1d 25 01 01 ff 04 16 30 14 06 08 2b 06 01 05 05 07 03 01 06 08 2b 06 01 
0380: 05 05 07 03 02 30 1f 06 03 55 1d 23 04 18 30 16 80 14 4d a0 a6 e8 be 96 0b 1b 82 6a 0d 19 69 22 
03a0: eb 12 0e 8c 72 db 30 0a 06 08 2a 86 48 ce 3d 04 03 03 03 68 00 30 65 02 30 17 63 16 8b 5a 2f 16 
03c0: 19 44 72 60 6a 51 00 44 ad bd 8b 8f c7 7d ee ec 1a 48 3d 33 43 d7 10 57 51 cd 13 ca cb 5b 4f 39 
03e0: 1a c8 02 cb dd 26 9f 5d 67 02 31 00 f3 f9 3b 80 f8 ae 86 fe b5 37 e4 04 e9 72 da bd 83 fb b0 32 
0400: bb e3 76 71 3a 2e f6 85 be db 59 a1 92 d1 3c ff ca 7b ee df 5e 94 5c 7a 41 37 1a ca 30 82 02 6c 
0420: 30 82 01 f3 a0 03 02 01 02 02 01 41 30 0a 06 08 2a 86 48 ce 3d 04 03 03 30 30 31 2e 30 2c 06 03 
0440: 55 04 03 0c 25 44 4d 54 46 20 6c 69 62 73 70 64 6d 20 45 43 50 33 38 34 20 69 6e 74 65 72 6d 65 
0460: 64 69 61 74 65 20 63 65 72 74 30 1e 17 0d 32 36 30 36 32 33 30 32 35 39 34 30 5a 17 0d 33 36 30 
0480: 36 32 30 30 32 35 39 34 30 5a 30 33 31 31 30 2f 06 03 55 04 03 0c 28 44 4d 54 46 20 6c 69 62 73 
04a0: 70 64 6d 20 65 63 70 33 38 34 20 72 65 73 70 6f 6e 64 65 72 20 63 65 72 74 20 73 6c 6f 74 34 30 
04c0: 76 30 10 06 07 2a 86 48 ce 3d 02 01 06 05 2b 81 04 00 22 03 62 00 04 8f eb b5 20 b6 75 09 64 28 
04e0: 66 24 b2 1d 69 5b ab 70 f4 01 35 ac 7e ce 68 40 f2 b2 72 86 a0 d0 85 dd 2b 78 8b fd 23 a3 fd c3 
0500: aa 27 ce e1 84 4a e0 78 39 f6 52 83 19 b3 77 e4 5f dd 6d 10 4f 04 c1 2c f4 f4 e9 87 c1 26 63 4f 
0520: 4f 81 59 8e 22 b8 f4 1c de 7b 91 5b 85 b1 b8 78 e9 ab 20 e6 9a 52 a9 a3 81 dd 30 81 da 30 0c 06 
0540: 03 55 1d 13 01 01 ff 04 02 30 00 30 0b 06 03 55 1d 0f 04 04 03 02 05 e0 30 1d 06 03 55 1d 0e 04 
0560: 16 04 14 30 27 4f 25 a4 9b 16 fa d7 44 9f 9e a3 43 6d 25 a1 6d d2 f1 30 31 06 03 55 1d 11 04 2a 
0580: 30 28 a0 26 06 0a 2b 06 01 04 01 83 1c 82 12 01 a0 18 0c 16 41 43 4d 45 3a 57 49 44 47 45 54 3a 
05a0: 31 32 33 34 35 36 37 38 39 30 30 2a 06 03 55 1d 25 01 01 ff 04 20 30 1e 06 08 2b 06 01 05 05 07 
05c0: 03 01 06 08 2b 06 01 05 05 07 03 02 06 08 2b 06 01 05 05 07 03 09 30 1e 06 0a 2b 06 01 04 01 83 
05e0: 1c 82 12 06 04 10 30 0e 30 0c 06 0a 2b 06 01 04 01 83 1c 82 12 02 30 1f 06 03 55 1d 23 04 18 30 
0600: 16 80 14 9f 29 c1 22 b9 85 2c d6 8a ad 63 1f 7f 20 95 b4 03 6e 5c 09 30 0a 06 08 2a 86 48 ce 3d 
0620: 04 03 03 03 67 00 30 64 02 30 7f c0 04 b7 e7 0b 0a 09 06 7d 6b d5 b8 20 6a 27 ea 68 ff 34 a9 b2 
0640: 3e ba 83 7d 54 ae 28 68 fc ee 99 a7 5b d3 b8 5e 57 05 e3 c4 aa e1 da 0f 7d 1f 02 30 22 1c 40 f3 
0660: a6 fa 64 44 20 06 87 f2 98 b0 01 f1 53 31 ba 16 b3 52 26 6b 44 fa ed 9f 55 c5 6b 17 b7 dc 41 b1 
0680: 7b b8 29 4a e1 c8 0d 61 86 23 2a c0 
cert_info - 0x01
Certificate (offset 0x0, size 0x67c):
0000: 7c 06 00 00 ed 79 ce 9a 32 e4 ac 43 ae 6a d4 0d 50 6f 21 41 98 10 e5 4f 58 d8 c1 b7 08 ae e9 3f 
0020: 9c 93 35 d6 31 0c f0 90 3d b8 9f f6 8f 9b 60 c4 42 cd f9 ce 30 82 01 d4 30 82 01 5a a0 03 02 01 
0040: 02 02 14 4e 2c c9 29 56 cc 9f 61 ab b6 e0 9b 51 db e6 6f 91 83 7a e9 30 0a 06 08 2a 86 48 ce 3d 
0060: 04 03 03 30 21 31 1f 30 1d 06 03 55 04 03 0c 16 44 4d 54 46 20 6c 69 62 73 70 64 6d 20 45 43 50 
0080: 33 38 34 20 43 41 30 1e 17 0d 32 36 30 36 32 33 30 32 35 38 33 39 5a 17 0d 33 36 30 36 32 30 30 
00a0: 32 35 38 33 39 5a 30 21 31 1f 30 1d 06 03 55 04 03 0c 16 44 4d 54 46 20 6c 69 62 73 70 64 6d 20 
00c0: 45 43 50 33 38 34 20 43 41 30 76 30 10 06 07 2a 86 48 ce 3d 02 01 06 05 2b 81 04 00 22 03 62 00 
00e0: 04 08 14 c6 90 33 b3 ec f1 e3 c9 1c b1 07 fb e5 8f a2 86 23 c1 09 a9 d2 f6 05 a0 83 87 a4 3d f0 
0100: c0 fe ba 62 7a 05 14 7f e4 d6 5c 71 f1 c5 f2 31 dd f4 f5 90 a9 84 5b 35 ce 4f e0 3f e9 be e6 bf 
0120: 3e 7b b3 6f 6a c9 22 0f 74 ac ae c3 74 e3 ff 6c 1d 86 51 da f7 1a 71 4b 44 51 9b 99 36 02 55 a4 
0140: 9f a3 53 30 51 30 1d 06 03 55 1d 0e 04 16 04 14 4d a0 a6 e8 be 96 0b 1b 82 6a 0d 19 69 22 eb 12 
0160: 0e 8c 72 db 30 1f 06 03 55 1d 23 04 18 30 16 80 14 4d a0 a6 e8 be 96 0b 1b 82 6a 0d 19 69 22 eb 
0180: 12 0e 8c 72 db 30 0f 06 03 55 1d 13 01 01 ff 04 05 30 03 01 01 ff 30 0a 06 08 2a 86 48 ce 3d 04 
01a0: 03 03 03 68 00 30 65 02 31 00 a3 aa 37 07 8d 10 f9 42 64 22 6b 58 eb 8b 75 9a 97 29 e3 79 2f 63 
01c0: 20 67 37 f2 e3 d1 42 10 3d ff e8 c2 41 15 a0 b2 23 09 09 fc 45 39 5a 60 22 49 02 30 4e 06 77 f4 
01e0: 5d b3 6a 86 b0 01 a5 f7 8d b1 1f 9f fb d2 7d 4d 27 2d 83 e5 60 ea e8 59 fe 5b b2 0e 43 71 38 4a 
0200: ed 60 34 40 ac 7b d3 58 33 04 16 69 30 82 01 fc 30 82 01 82 a0 03 02 01 02 02 01 01 30 0a 06 08 
0220: 2a 86 48 ce 3d 04 03 03 30 21 31 1f 30 1d 06 03 55 04 03 0c 16 44 4d 54 46 20 6c 69 62 73 70 64 
0240: 6d 20 45 43 50 33 38 34 20 43 41 30 1e 17 0d 32 36 30 36 32 33 30 32 35 38 33 39 5a 17 0d 33 36 
0260: 30 36 32 30 30 32 35 38 33 39 5a 30 30 31 2e 30 2c 06 03 55 04 03 0c 25 44 4d 54 46 20 6c 69 62 
0280: 73 70 64 6d 20 45 43 50 33 38 34 20 69 6e 74 65 72 6d 65 64 69 61 74 65 20 63 65 72 74 30 76 30 
02a0: 10 06 07 2a 86 48 ce 3d 02 01 06 05 2b 81 04 00 22 03 62 00 04 41 48 eb 59 d9 00 94 60 16 14 65 
02c0: 06 df 8e 43 08 d5 aa 72 79 ed d3 79 0b fa 81 7c 1b 13 3c e8 c7 e5 7c e0 d4 ea 14 29 a0 10 f4 03 
02e0: 8a 37 47 c6 bf 43 60 4c 1c f6 67 05 8e b4 9f c6 c2 12 52 ac 0a 4f 25 38 1e f7 99 49 f6 6c 61 e8 
0300: ee 1a c5 4f dd 88 6d f1 b1 dc 59 ce 74 88 8d ed 6f fa da 72 3e a3 7f 30 7d 30 0c 06 03 55 1d 13 
0320: 04 05 30 03 01 01 ff 30 0b 06 03 55 1d 0f 04 04 03 02 01 fe 30 1d 06 03 55 1d 0e 04 16 04 14 9f 
0340: 29 c1 22 b9 85 2c d6 8a ad 63 1f 7f 20 95 b4 03 6e 5c 09 30 20 06 03 55 1d 25 01 01 ff 04 16 30 
0360: 14 06 08 2b 06 01 05 05 07 03 01 06 08 2b 06 01 05 05 07 03 02 30 1f 06 03 55 1d 23 04 18 30 16 
0380: 80 14 4d a0 a6 e8 be 96 0b 1b 82 6a 0d 19 69 22 eb 12 0e 8c 72 db 30 0a 06 08 2a 86 48 ce 3d 04 
03a0: 03 03 03 68 00 30 65 02 30 17 63 16 8b 5a 2f 16 19 44 72 60 6a 51 00 44 ad bd 8b 8f c7 7d ee ec 
03c0: 1a 48 3d 33 43 d7 10 57 51 cd 13 ca cb 5b 4f 39 1a c8 02 cb dd 26 9f 5d 67 02 31 00 f3 f9 3b 80 
03e0: f8 ae 86 fe b5 37 e4 04 e9 72 da bd 83 fb b0 32 bb e3 76 71 3a 2e f6 85 be db 59 a1 92 d1 3c ff 
0400: ca 7b ee df 5e 94 5c 7a 41 37 1a ca 30 82 02 6c 30 82 01 f3 a0 03 02 01 02 02 01 41 30 0a 06 08 
0420: 2a 86 48 ce 3d 04 03 03 30 30 31 2e 30 2c 06 03 55 04 03 0c 25 44 4d 54 46 20 6c 69 62 73 70 64 
0440: 6d 20 45 43 50 33 38 34 20 69 6e 74 65 72 6d 65 64 69 61 74 65 20 63 65 72 74 30 1e 17 0d 32 36 
0460: 30 36 32 33 30 32 35 39 34 30 5a 17 0d 33 36 30 36 32 30 30 32 35 39 34 30 5a 30 33 31 31 30 2f 
0480: 06 03 55 04 03 0c 28 44 4d 54 46 20 6c 69 62 73 70 64 6d 20 65 63 70 33 38 34 20 72 65 73 70 6f 
04a0: 6e 64 65 72 20 63 65 72 74 20 73 6c 6f 74 34 30 76 30 10 06 07 2a 86 48 ce 3d 02 01 06 05 2b 81 
04c0: 04 00 22 03 62 00 04 8f eb b5 20 b6 75 09 64 28 66 24 b2 1d 69 5b ab 70 f4 01 35 ac 7e ce 68 40 
04e0: f2 b2 72 86 a0 d0 85 dd 2b 78 8b fd 23 a3 fd c3 aa 27 ce e1 84 4a e0 78 39 f6 52 83 19 b3 77 e4 
0500: 5f dd 6d 10 4f 04 c1 2c f4 f4 e9 87 c1 26 63 4f 4f 81 59 8e 22 b8 f4 1c de 7b 91 5b 85 b1 b8 78 
0520: e9 ab 20 e6 9a 52 a9 a3 81 dd 30 81 da 30 0c 06 03 55 1d 13 01 01 ff 04 02 30 00 30 0b 06 03 55 
0540: 1d 0f 04 04 03 02 05 e0 30 1d 06 03 55 1d 0e 04 16 04 14 30 27 4f 25 a4 9b 16 fa d7 44 9f 9e a3 
0560: 43 6d 25 a1 6d d2 f1 30 31 06 03 55 1d 11 04 2a 30 28 a0 26 06 0a 2b 06 01 04 01 83 1c 82 12 01 
0580: a0 18 0c 16 41 43 4d 45 3a 57 49 44 47 45 54 3a 31 32 33 34 35 36 37 38 39 30 30 2a 06 03 55 1d 
05a0: 25 01 01 ff 04 20 30 1e 06 08 2b 06 01 05 05 07 03 01 06 08 2b 06 01 05 05 07 03 02 06 08 2b 06 
05c0: 01 05 05 07 03 09 30 1e 06 0a 2b 06 01 04 01 83 1c 82 12 06 04 10 30 0e 30 0c 06 0a 2b 06 01 04 
05e0: 01 83 1c 82 12 02 30 1f 06 03 55 1d 23 04 18 30 16 80 14 9f 29 c1 22 b9 85 2c d6 8a ad 63 1f 7f 
0600: 20 95 b4 03 6e 5c 09 30 0a 06 08 2a 86 48 ce 3d 04 03 03 03 67 00 30 64 02 30 7f c0 04 b7 e7 0b 
0620: 0a 09 06 7d 6b d5 b8 20 6a 27 ea 68 ff 34 a9 b2 3e ba 83 7d 54 ae 28 68 fc ee 99 a7 5b d3 b8 5e 
0640: 57 05 e3 c4 aa e1 da 0f 7d 1f 02 30 22 1c 40 f3 a6 fa 64 44 20 06 87 f2 98 b0 01 f1 53 31 ba 16 
0660: b3 52 26 6b 44 fa ed 9f 55 c5 6b 17 b7 dc 41 b1 7b b8 29 4a e1 c8 0d 61 86 23 2a c0 
!!! VerifyCertificateChainBuffer - PASS (cert root hash match) !!!
!!! verify_peer_cert_chain_buffer - PASS !!!
RequesterNonce - 60 4b 48 a5 0f c0 cb 1c 56 c1 44 aa f5 4e 08 61 1d 03 c2 b7 3a 3c 7d 76 d2 d7 93 4d ef 8b 88 2c 
RequesterContext - 11 22 33 44 55 66 77 88 
libspdm_send_spdm_request[0] msg SPDM_CHALLENGE(0x83), size (0x2c): 
0000: 14 83 00 ff 60 4b 48 a5 0f c0 cb 1c 56 c1 44 aa f5 4e 08 61 1d 03 c2 b7 3a 3c 7d 76 d2 d7 93 4d 
0020: ef 8b 88 2c 11 22 33 44 55 66 77 88 
Platform port Transmit command: 00 00 00 01 
Platform port Transmit transport_type: 00 00 00 01 
Platform port Transmit size: 00 00 00 2d 
Platform port Transmit buffer:
    05 14 83 00 ff 60 4b 48 a5 0f c0 cb 1c 56 c1 44 aa f5 4e 08 61 1d 03 c2 b7 3a 3c 7d 76 d2 d7 93 4d ef 8b 88 2c 11 22 33 44 55 66 77 88 
Platform port Receive command: 00 00 00 01 
Platform port Receive transport_type: 00 00 00 01 
Platform port Receive size: 00 00 00 ef 
Platform port Receive buffer:
    05 14 03 80 13 4c 3c 2c 4f c0 48 fc 50 7e 1c ff fb d0 32 92 78 74 c4 0b 6e 4f a3 82 1f db 9d b4 cc d0 ad 19 0e 10 03 4c 7f 95 d3 5e 12 58 d9 5c c3 14 08 8a 05 3c 48 a2 59 9f 74 7c 58 16 58 5c 64 c1 ca 5b 64 b6 c6 a3 a5 ea f2 20 9f 99 f9 91 a1 92 a9 fa 0e fd ab e1 6b 17 de df 3e 76 2a 76 f1 c5 d9 ee 01 5e 9f 50 b7 5b d7 5e a1 8d b5 d3 98 b8 80 25 8b 46 fc c8 1a e5 3a 9a a3 5f 49 f4 c2 4f 4e d5 a2 00 00 11 22 33 44 55 66 77 88 2b 78 a5 e8 91 2c 9d fb ca a6 e5 ff 12 7e a4 90 c2 36 38 d8 50 eb 16 6e 4d 9b 89 4d 88 88 4b 8c 03 df ce 8c c8 36 a4 75 63 db d5 9a 95 c0 1e 07 cb 9d 8a 0f 7e 38 07 d1 a9 a2 b5 a2 1c 78 dd 15 95 a3 df 6c 98 4f 11 40 54 fc df 93 1f 2e 6c 14 19 9f 05 a7 12 54 e6 fb 2f 5a 9c a0 ae 97 61 69 
libspdm_receive_spdm_response[0] msg SPDM_CHALLENGE_AUTH(0x3), size (0xee): 
0000: 14 03 80 13 4c 3c 2c 4f c0 48 fc 50 7e 1c ff fb d0 32 92 78 74 c4 0b 6e 4f a3 82 1f db 9d b4 cc 
0020: d0 ad 19 0e 10 03 4c 7f 95 d3 5e 12 58 d9 5c c3 14 08 8a 05 3c 48 a2 59 9f 74 7c 58 16 58 5c 64 
0040: c1 ca 5b 64 b6 c6 a3 a5 ea f2 20 9f 99 f9 91 a1 92 a9 fa 0e fd ab e1 6b 17 de df 3e 76 2a 76 f1 
0060: c5 d9 ee 01 5e 9f 50 b7 5b d7 5e a1 8d b5 d3 98 b8 80 25 8b 46 fc c8 1a e5 3a 9a a3 5f 49 f4 c2 
0080: 4f 4e d5 a2 00 00 11 22 33 44 55 66 77 88 2b 78 a5 e8 91 2c 9d fb ca a6 e5 ff 12 7e a4 90 c2 36 
00a0: 38 d8 50 eb 16 6e 4d 9b 89 4d 88 88 4b 8c 03 df ce 8c c8 36 a4 75 63 db d5 9a 95 c0 1e 07 cb 9d 
00c0: 8a 0f 7e 38 07 d1 a9 a2 b5 a2 1c 78 dd 15 95 a3 df 6c 98 4f 11 40 54 fc df 93 1f 2e 6c 14 19 9f 
00e0: 05 a7 12 54 e6 fb 2f 5a 9c a0 ae 97 61 69 
cert_chain_hash (0x30) - 4c 3c 2c 4f c0 48 fc 50 7e 1c ff fb d0 32 92 78 74 c4 0b 6e 4f a3 82 1f db 9d b4 cc d0 ad 19 0e 10 03 4c 7f 95 d3 5e 12 58 d9 5c c3 14 08 8a 05 
!!! verify_certificate_chain_hash - PASS !!!
nonce (0x20) - 3c 48 a2 59 9f 74 7c 58 16 58 5c 64 c1 ca 5b 64 b6 c6 a3 a5 ea f2 20 9f 99 f9 91 a1 92 a9 fa 0e 
measurement_summary_hash (0x30) - fd ab e1 6b 17 de df 3e 76 2a 76 f1 c5 d9 ee 01 5e 9f 50 b7 5b d7 5e a1 8d b5 d3 98 b8 80 25 8b 46 fc c8 1a e5 3a 9a a3 5f 49 f4 c2 4f 4e d5 a2 
RequesterContext - 11 22 33 44 55 66 77 88 
signature (0x60):
0000: 2b 78 a5 e8 91 2c 9d fb ca a6 e5 ff 12 7e a4 90 c2 36 38 d8 50 eb 16 6e 4d 9b 89 4d 88 88 4b 8c 
0020: 03 df ce 8c c8 36 a4 75 63 db d5 9a 95 c0 1e 07 cb 9d 8a 0f 7e 38 07 d1 a9 a2 b5 a2 1c 78 dd 15 
0040: 95 a3 df 6c 98 4f 11 40 54 fc df 93 1f 2e 6c 14 19 9f 05 a7 12 54 e6 fb 2f 5a 9c a0 ae 97 61 69 
m1m2 hash - f9 ba 0a 14 7d 7d 83 fc 09 5b 1e e0 b2 e1 06 69 3e f2 91 24 09 62 0d 16 88 d5 f4 ca 21 41 3d ab 18 31 e7 59 fe 9d ad 58 dd 7b a5 30 32 da 06 5b 
!!! verify_challenge_signature - PASS !!!
BasicMutAuth :
libspdm_send_spdm_request[0] msg SPDM_GET_ENCAPSULATED_REQUEST(0xea), size (0x4): 
0000: 14 ea 00 00 
Platform port Transmit command: 00 00 00 01 
Platform port Transmit transport_type: 00 00 00 01 
Platform port Transmit size: 00 00 00 05 
Platform port Transmit buffer:
    05 14 ea 00 00 
Platform port Receive command: 00 00 00 01 
Platform port Receive transport_type: 00 00 00 01 
Platform port Receive size: 00 00 00 09 
Platform port Receive buffer:
    05 14 6a 00 00 14 81 00 00 
libspdm_receive_spdm_response[0] msg SPDM_ENCAPSULATED_REQUEST(0x6a), size (0x8): 
0000: 14 6a 00 00 14 81 00 00 
libspdm_send_spdm_request[0] msg SPDM_DELIVER_ENCAPSULATED_RESPONSE(0xeb), size (0xa4): 
0000: 14 eb 00 00 14 01 07 07 48 3b 7d 94 91 ae 2e 10 8f a5 2f 69 23 41 5b 25 00 05 37 2f 44 c1 e7 4a 
0020: 29 c6 8c 11 e7 72 e7 b7 1b cc 82 95 29 4c 9e ad 88 9c 83 ea 06 8a 4f a2 48 3b 7d 94 91 ae 2e 10 
0040: 8f a5 2f 69 23 41 5b 25 00 05 37 2f 44 c1 e7 4a 29 c6 8c 11 e7 72 e7 b7 1b cc 82 95 29 4c 9e ad 
0060: 88 9c 83 ea 06 8a 4f a2 48 3b 7d 94 91 ae 2e 10 8f a5 2f 69 23 41 5b 25 00 05 37 2f 44 c1 e7 4a 
0080: 29 c6 8c 11 e7 72 e7 b7 1b cc 82 95 29 4c 9e ad 88 9c 83 ea 06 8a 4f a2 01 02 03 01 01 01 0f 00 
00a0: 0f 00 0f 00 
Platform port Transmit command: 00 00 00 01 
Platform port Transmit transport_type: 00 00 00 01 
Platform port Transmit size: 00 00 00 a5 
Platform port Transmit buffer:
    05 14 eb 00 00 14 01 07 07 48 3b 7d 94 91 ae 2e 10 8f a5 2f 69 23 41 5b 25 00 05 37 2f 44 c1 e7 4a 29 c6 8c 11 e7 72 e7 b7 1b cc 82 95 29 4c 9e ad 88 9c 83 ea 06 8a 4f a2 48 3b 7d 94 91 ae 2e 10 8f a5 2f 69 23 41 5b 25 00 05 37 2f 44 c1 e7 4a 29 c6 8c 11 e7 72 e7 b7 1b cc 82 95 29 4c 9e ad 88 9c 83 ea 06 8a 4f a2 48 3b 7d 94 91 ae 2e 10 8f a5 2f 69 23 41 5b 25 00 05 37 2f 44 c1 e7 4a 29 c6 8c 11 e7 72 e7 b7 1b cc 82 95 29 4c 9e ad 88 9c 83 ea 06 8a 4f a2 01 02 03 01 01 01 0f 00 0f 00 0f 00 
Platform port Receive command: 00 00 00 01 
Platform port Receive transport_type: 00 00 00 01 
Platform port Receive size: 00 00 00 19 
Platform port Receive buffer:
    05 14 6b 01 01 00 00 00 00 14 82 80 00 00 00 00 00 00 00 00 00 ec 7f 02 00 
libspdm_receive_spdm_response[0] msg SPDM_ENCAPSULATED_RESPONSE_ACK(0x6b), size (0x18): 
0000: 14 6b 01 01 00 00 00 00 14 82 80 00 00 00 00 00 00 00 00 00 ec 7f 02 00 
libspdm_send_spdm_request[0] msg SPDM_DELIVER_ENCAPSULATED_RESPONSE(0xeb), size (0xee6): 
0000: 14 eb 01 00 14 02 80 01 00 00 00 00 d2 0e 00 00 00 00 00 00 d2 0e 00 00 e5 9e e2 11 02 74 16 a3 
0020: a6 2a ae 64 70 2e 8f ff 8e 01 69 da b6 6c 19 54 a1 77 ce 4d 62 38 06 bd 4a dd 3a 74 4e 30 fc 9b 
0040: 69 e9 87 03 18 36 1f 14 30 82 05 1d 30 82 03 05 a0 03 02 01 02 02 14 73 18 91 72 67 43 13 fe 81 
0060: a4 ce 5c 6f d7 1d 09 2a a2 c6 16 30 0d 06 09 2a 86 48 86 f7 0d 01 01 0c 05 00 30 1e 31 1c 30 1a 
0080: 06 03 55 04 03 0c 13 44 4d 54 46 20 6c 69 62 73 70 64 6d 20 52 53 41 20 43 41 30 1e 17 0d 32 36 
00a0: 30 36 32 33 30 32 35 38 33 35 5a 17 0d 33 36 30 36 32 30 30 32 35 38 33 35 5a 30 1e 31 1c 30 1a 
00c0: 06 03 55 04 03 0c 13 44 4d 54 46 20 6c 69 62 73 70 64 6d 20 52 53 41 20 43 41 30 82 02 22 30 0d 
00e0: 06 09 2a 86 48 86 f7 0d 01 01 01 05 00 03 82 02 0f 00 30 82 02 0a 02 82 02 01 00 d0 0d 17 d6 f1 
0100: 10 b0 1a 51 eb 38 59 5d 65 5c d0 3c 67 38 ae b1 fb 5a 2c 0b af 96 50 54 04 fe bd ae 21 3b b9 fc 
0120: 3e 47 13 b1 42 eb 40 f2 ac 0d 1c f2 ac 89 b2 c3 bf f6 a6 10 ef 91 91 68 2f 93 a9 f5 e2 67 8f 7b 
0140: 5a 89 cf 3b e8 72 ab 77 f5 60 95 50 df 52 19 c0 f5 7d 39 d4 01 ed 18 6d a0 a0 4c de bd 67 bd ab 
0160: 51 bc 12 2c b6 f4 89 69 5d da af 84 83 4e cb de a3 52 6c 74 2d b8 d3 d0 4c ba 36 99 47 d5 5c 84 
0180: 09 e4 88 1c 16 a7 3c d0 27 28 52 87 0d 3e f3 e6 f6 50 a9 a1 95 3c 83 87 f1 64 f7 cb d0 45 bf cc 
01a0: 8a 59 b2 3e c4 2f 31 b3 e9 b0 81 79 a3 8c 15 25 ae ab 5c 14 07 56 ad ba 0e 3b 3e 82 50 6e 10 2a 
01c0: 64 e6 67 e9 2d 87 51 fc 7f 8d f2 99 aa 08 e9 b8 62 cc 64 06 d2 f4 24 e2 77 4b 23 65 2b 7c 70 cd 
01e0: 09 75 b1 36 40 07 42 2e 4e 2e ea 2b 42 48 ce ac 01 62 4b 12 0b eb 1c aa 6b d0 88 a1 f6 89 40 06 
0200: ea 7c 9c c9 92 3b 23 6b 84 ce 17 6a ea e8 47 7e d6 27 c0 d7 49 73 8a ac 78 c5 df 18 f8 55 93 f4 
0220: b8 2c 37 ba 13 6b 56 a2 ec 39 44 0c bc 89 d9 5d d3 60 8d 7d 35 83 b1 64 c2 e4 0c 15 74 43 03 fd 
0240: b2 d7 70 fb 6c 1d fc 74 49 32 a4 cb 3b 9c ca ae 10 29 13 b6 38 30 c4 71 30 d7 f9 8a 1d 10 9a a6 
0260: 26 13 74 c6 7a 72 45 f0 52 b2 29 e4 44 69 e1 12 80 bb 87 73 9c 12 e3 5a 6a 49 66 a2 db 56 8c 3c 
0280: 1d cf 11 b4 c1 47 c8 a5 38 dc 25 7d d8 f3 0e b3 ef 2c c6 f6 27 36 0f 84 2c 68 99 08 98 ed 99 76 
02a0: f7 95 73 7b a8 eb 93 7f 9a b2 a8 b2 4e 2a ab f2 46 26 5a 36 46 68 c3 c3 aa 05 a3 fb 35 ac 8b 26 
02c0: e4 83 a7 79 37 c2 3c 8f a0 6f 92 00 3b 4c 87 11 21 30 a3 59 b2 e4 6c 42 6a a9 fc 50 c0 4b 54 61 
02e0: 83 a5 9a a4 42 26 29 04 c1 9e c9 99 14 12 45 cf 53 f3 00 00 3d 18 42 b5 cd 20 a7 02 03 01 00 01 
0300: a3 53 30 51 30 1d 06 03 55 1d 0e 04 16 04 14 da 1b 31 0c d7 9f f1 c0 c5 1b 3a 33 28 a7 0c 01 c2 
0320: e4 62 b2 30 1f 06 03 55 1d 23 04 18 30 16 80 14 da 1b 31 0c d7 9f f1 c0 c5 1b 3a 33 28 a7 0c 01 
0340: c2 e4 62 b2 30 0f 06 03 55 1d 13 01 01 ff 04 05 30 03 01 01 ff 30 0d 06 09 2a 86 48 86 f7 0d 01 
0360: 01 0c 05 00 03 82 02 01 00 5d 51 0e a0 14 bf 9e 8d cd 26 bc 70 d3 d6 df 93 76 af 2a d7 2e ab 3b 
0380: 33 ae 15 e6 4a 4a 9a da f7 da 3f 48 7b 2a 24 95 6d 2f 96 c2 1b e1 38 7f c5 f0 ac 50 e5 6e a8 8b 
03a0: 37 78 c8 90 25 30 68 39 9c 11 f5 43 c4 da e8 13 b8 ea be 40 b4 50 38 8c 8a 0d 1d 25 cd 6b 5b c2 
03c0: 02 a3 c9 77 7f d8 43 cf 05 8a b4 4d c0 cf 7e a1 2c 55 55 e3 7e bd 76 b3 6a 90 dc a1 2a e3 e0 71 
03e0: e5 00 f4 d2 29 75 eb c3 3a 61 b6 3c e5 f3 c2 47 bf b5 65 fe 94 73 44 bc cd 75 86 3d 7c 87 a6 28 
0400: 1d 9c 76 29 60 61 90 f7 14 26 ce ff 8b 64 a0 a2 78 d2 74 eb 5f 58 9d 19 5f 8f 7f 85 05 78 09 4b 
0420: 57 cd 6a f8 8e cc dd f5 b0 a6 a6 47 3b 60 ef 36 c1 8f 35 64 97 6c f4 2f 20 ce 1f 46 60 c7 dd ed 
0440: 31 27 ef 76 dc 21 d0 66 c0 a3 0b 5b e6 b2 e4 5c 63 2c e3 10 0c 16 44 95 7d 1a a5 ce a8 73 5f 82 
0460: 93 79 ec 72 82 14 56 38 a5 38 57 69 e6 90 89 0c 6f 65 26 8e c1 d3 97 d3 51 ef 65 86 69 df f6 67 
0480: c6 dd 3d a5 eb 3a 92 f1 2a 04 a9 19 fe 96 b2 da 52 d8 31 5b 26 5b ec 4a e4 bd 81 06 46 04 a8 e5 
04a0: 7a 4d 2c 92 80 20 9c 6b 79 05 0a 41 3d e1 8a a6 0f c5 4c 92 36 38 18 ac f9 e2 ea d9 04 70 01 71 
04c0: 9e 0c 03 04 49 38 49 14 f0 d7 7c 9c 74 3c 2a 22 9a 67 a1 d6 86 25 0a 96 28 de 1b 7d e1 3e b2 e2 
04e0: 13 71 0c 13 db ff a8 6f d5 91 d6 53 ea 71 f4 68 5c 23 b9 c2 70 0e 57 1c a4 95 43 0d fb 6d 6c 66 
0500: 42 6a 33 e0 8d 00 42 07 8a 3c 09 f1 03 e1 e3 0c 0e 08 18 04 66 82 d3 46 dc 52 a9 a9 f5 5e 72 04 
0520: 8f 55 d3 9b fd 0c 70 d5 0a cb 66 d0 4b a9 93 80 70 9d 86 0e ca c0 e8 54 2e ed 12 37 91 a9 9c 77 
0540: f4 c7 bf 7f 28 87 d0 4e cc db 32 d5 e6 c7 f8 ca 07 97 0a e7 e3 89 53 cc 36 04 a1 0d dd 56 36 d0 
0560: 4c d8 8c c1 02 61 5a 78 a0 30 82 04 c5 30 82 02 ad a0 03 02 01 02 02 01 01 30 0d 06 09 2a 86 48 
0580: 86 f7 0d 01 01 0c 05 00 30 1e 31 1c 30 1a 06 03 55 04 03 0c 13 44 4d 54 46 20 6c 69 62 73 70 64 
05a0: 6d 20 52 53 41 20 43 41 30 1e 17 0d 32 36 30 36 32 33 30 32 35 38 33 35 5a 17 0d 33 36 30 36 32 
05c0: 30 30 32 35 38 33 35 5a 30 2d 31 2b 30 29 06 03 55 04 03 0c 22 44 4d 54 46 20 6c 69 62 73 70 64 
05e0: 6d 20 52 53 41 20 69 6e 74 65 72 6d 65 64 69 61 74 65 20 63 65 72 74 30 82 01 a2 30 0d 06 09 2a 
0600: 86 48 86 f7 0d 01 01 01 05 00 03 82 01 8f 00 30 82 01 8a 02 82 01 81 00 af 16 7f 99 fc f4 75 ee 
0620: 99 ed 32 1a 09 89 80 e6 49 aa b0 53 26 61 5d 45 5c ec 56 3e 4d fe 10 34 e3 e7 8a fa f8 e9 21 d2 
0640: 34 e2 9b 3a 79 48 23 a0 ae ad d7 ed d1 ae 86 2f 51 8e 28 94 6b 8c 2b b0 54 98 78 44 fd b2 d5 68 
0660: ec 99 e0 d6 05 24 01 24 81 9d 4a a1 fe 50 47 49 57 ae 81 a2 96 33 f3 3e 89 1c 7f 11 9a 61 5f e4 
0680: fb e9 b0 07 12 12 ef 8d 71 ea 81 46 40 1e 00 1a f6 ed b6 9f 85 b5 84 95 e4 20 f9 a0 61 22 bc eb 
06a0: 8b 38 5d e9 d1 71 11 f9 6c fd 82 b7 c4 c0 f6 d1 06 76 bc 67 9d 11 08 5e aa 51 55 2f ba e1 be c7 
06c0: f6 b4 f9 b9 4c 79 db a9 8b 29 05 7f cc f3 bb ab a7 ea 19 f8 0f 25 57 9f 58 a6 26 e1 b3 38 59 49 
06e0: 25 48 c9 df 5d 69 33 f1 76 e1 ba 53 9d c6 f4 84 35 a3 14 12 ab 9c 5b b2 42 38 3e f0 4e c7 e4 3a 
0700: 7d ea ff 7f 82 af c7 3d be 5e f4 fc b8 a9 06 e5 80 bc c8 b0 15 46 85 97 c0 72 45 15 e4 21 06 30 
0720: a3 50 4b 39 13 bd 1c d9 b9 6b 67 b2 92 41 c0 ce 97 94 a4 f2 49 de 16 83 2c b3 88 16 01 57 74 38 
0740: 7c 87 f0 64 c5 da d6 be a2 64 1d 23 6f 76 3d 47 a5 24 cb 68 4c 54 cb 2d af 64 c3 3f 90 49 e9 8a 
0760: 61 4a 5c 62 b1 c9 8f 03 eb 79 40 14 d6 0b 98 1e 69 63 20 b5 a4 a6 cd 5d 67 b0 ed f2 d4 a5 a4 1e 
0780: 6c b2 d3 42 79 43 b5 22 4d fb 7e 36 d7 46 af c2 42 74 31 09 78 c0 65 ef 02 03 01 00 01 a3 7f 30 
07a0: 7d 30 0c 06 03 55 1d 13 04 05 30 03 01 01 ff 30 0b 06 03 55 1d 0f 04 04 03 02 01 fe 30 1d 06 03 
07c0: 55 1d 0e 04 16 04 14 05 c9 1b e5 9c 35 34 26 ef 3b ac e8 7b 76 ee 52 0d 87 d5 7e 30 20 06 03 55 
07e0: 1d 25 01 01 ff 04 16 30 14 06 08 2b 06 01 05 05 07 03 01 06 08 2b 06 01 05 05 07 03 02 30 1f 06 
0800: 03 55 1d 23 04 18 30 16 80 14 da 1b 31 0c d7 9f f1 c0 c5 1b 3a 33 28 a7 0c 01 c2 e4 62 b2 30 0d 
0820: 06 09 2a 86 48 86 f7 0d 01 01 0c 05 00 03 82 02 01 00 22 97 c0 81 e0 31 d2 b5 37 bb 05 e7 78 d4 
0840: bf 2a 69 00 c1 77 b3 84 b6 fd a4 96 3f b0 c9 49 6b 2e cb 71 2b bc 54 27 f5 7f 1f fd 41 72 f4 dd 
0860: 75 89 59 ab 4d 24 85 13 a3 5a 9f cb b2 7b 18 54 b5 40 3d fb 42 5b f2 8b 43 56 19 71 ed d2 2f 9a 
0880: 3a bd ab 0a 2b 1f 46 4b c7 3b 30 53 00 81 c8 cd 4a f3 d8 a0 c7 dd 01 0c 3c 88 8a 37 77 69 88 c1 
08a0: 53 ac f5 78 4d c2 8b 54 fd 7f d7 fa cc 32 96 f3 f3 9a 2d 4b d4 66 f3 b0 16 92 e5 f9 a5 96 a0 a7 
08c0: c0 5c c5 df ca f8 36 d2 1e e0 5d cf b9 28 b2 3d 3c 80 47 18 72 11 af 9e 37 1b 2e 26 85 6d 0a 29 
08e0: ef 49 7c 2e d9 0a 94 db 33 de ce 1b 3c 39 17 0b 37 2f ad 81 1f 44 3f 47 a1 ea 33 61 d2 6f a5 58 
0900: bf ca d8 e7 82 4d 03 8f 5f bc 87 6e 4e 70 9e fb 61 74 26 da 35 88 bb ee dc db 0b b9 a4 f7 4e 8c 
0920: 98 49 77 4c 02 75 28 9f d9 9d 5a 72 42 a8 23 0b 3f 69 c9 fd cb e4 54 13 60 69 1a 97 5b 32 dd 6f 
0940: 61 82 96 3e 42 16 d2 cb b9 de 6d 9c a4 77 29 eb 6d bd a4 01 b1 fe 41 54 2f 7e b8 9e 66 02 b8 e4 
0960: 0d 1e dc d7 1c 62 b6 e4 b7 4c dc b1 9f 50 99 c9 8a 4a 9e dd 98 4e 3a 94 bb 00 95 51 98 9b 12 66 
0980: a9 24 89 6e 45 61 f6 15 c2 24 d7 bd 7b ab 8b a8 43 ef bb 84 5b 9d dc 6f 13 20 6e 30 d8 63 6d 9e 
09a0: 03 37 34 8c fa e5 60 ad 3e 06 b5 79 8a 51 60 34 61 75 98 5a 92 82 ec 57 93 fd b3 96 5d e9 4a 00 
09c0: 49 08 05 0a 3a ee ea 8b cc 88 e5 32 19 81 ec 3f 4a 6c b3 7b b9 4e a5 9d ee da 84 3d 30 00 ae 39 
09e0: 0e 8b 11 d9 48 22 6b c1 61 14 20 da d6 46 2b 9f 66 d6 0e dd f5 62 cf ff 47 81 e9 f5 4c 7a a9 6d 
0a00: e9 0f 56 32 42 37 f7 cd 3f 36 e7 d2 92 8f 83 c5 e8 1f 4f a5 41 e8 36 3b 9a 03 79 52 e4 58 48 c0 
0a20: 43 3c 79 14 32 70 c6 08 d5 89 14 27 30 63 d2 43 a1 cf 30 82 04 b0 30 82 03 18 a0 03 02 01 02 02 
0a40: 01 02 30 0d 06 09 2a 86 48 86 f7 0d 01 01 0c 05 00 30 2d 31 2b 30 29 06 03 55 04 03 0c 22 44 4d 
0a60: 54 46 20 6c 69 62 73 70 64 6d 20 52 53 41 20 69 6e 74 65 72 6d 65 64 69 61 74 65 20 63 65 72 74 
0a80: 30 1e 17 0d 32 36 30 36 32 33 30 32 35 38 33 35 5a 17 0d 33 36 30 36 32 30 30 32 35 38 33 35 5a 
0aa0: 30 2a 31 28 30 26 06 03 55 04 03 0c 1f 44 4d 54 46 20 6c 69 62 73 70 64 6d 20 52 53 41 20 72 65 
0ac0: 71 75 73 65 74 65 72 20 63 65 72 74 30 82 01 a2 30 0d 06 09 2a 86 48 86 f7 0d 01 01 01 05 00 03 
0ae0: 82 01 8f 00 30 82 01 8a 02 82 01 81 00 c5 9b 03 e9 40 84 b8 a3 79 92 7a 7f ee 48 29 c9 dc 1a b9 
0b00: 39 d2 3e e8 80 a2 01 9a 7e 32 41 77 0f 58 65 e0 8e b4 cb a0 ca 9e 6e 1c 71 cb c4 c0 8a c7 55 fe 
0b20: 99 d6 6f ed 3d 58 10 0e ae dd 28 23 39 df a3 c4 a2 e8 2c fc 75 de 0b 47 b4 96 5f 7c 00 f1 c8 c8 
0b40: 8b 37 f7 8a c8 1f 8e 13 4b 79 f0 3f 03 be 36 12 60 2f f4 fc db ec 6c f0 c6 ee c9 c1 e9 9a 93 c5 
0b60: 98 88 b7 46 34 4e 1d ab e6 2f bb 19 7a 09 e4 ac 40 27 4c 6d d1 9b 36 1b f2 79 67 bf 3c 45 0d 07 
0b80: 6c b3 0d c8 26 c5 50 ec 53 11 b9 ef e2 58 1d ca c4 a3 ba 31 d4 c6 98 af 86 79 f8 d8 14 5b f0 21 
0ba0: cc 69 ae 51 cf a4 f7 dd 69 6a c9 d6 d0 16 02 a5 e6 1a a8 ad fc 01 87 e7 7b 1c 34 51 b0 79 36 65 
0bc0: 85 35 17 31 0f 4d 0f 9b eb 2b 46 73 03 c0 5d 7c fb e3 8a 5f eb 1a 9d 07 be aa 92 a2 a7 bb d9 01 
0be0: 8a be b6 da c3 09 d6 56 0f 62 bb 42 bb a6 ea 71 1b c6 af c9 64 08 c8 91 04 38 78 09 dc 47 f2 15 
0c00: 7a dc 81 25 27 33 6a 37 bc 81 95 c3 82 aa 9e e4 5f 06 f4 00 34 26 21 1b 84 47 12 e6 1a b8 68 84 
0c20: c5 1e b5 a6 80 d0 c9 14 f8 57 ee a8 e9 33 36 d6 30 54 63 c8 71 c5 e6 4b 7c 58 20 1e 7d 9a 03 d0 
0c40: 8a a6 0a 1d 3c 61 82 7f 6a 06 5c cb f0 8b 7c 7a 65 7a d8 9f a0 02 7b 9d de 11 28 37 de 52 c8 32 
0c60: 55 37 fe 9d 7a 1f 74 81 d4 79 39 76 dd 02 03 01 00 01 a3 81 dd 30 81 da 30 0c 06 03 55 1d 13 01 
0c80: 01 ff 04 02 30 00 30 0b 06 03 55 1d 0f 04 04 03 02 05 e0 30 1d 06 03 55 1d 0e 04 16 04 14 3c 6c 
0ca0: a6 29 3a e8 35 1a af 0a 79 20 1a 7f 21 53 ac 4b 45 be 30 31 06 03 55 1d 11 04 2a 30 28 a0 26 06 
0cc0: 0a 2b 06 01 04 01 83 1c 82 12 01 a0 18 0c 16 41 43 4d 45 3a 57 49 44 47 45 54 3a 31 32 33 34 35 
0ce0: 36 37 38 39 30 30 2a 06 03 55 1d 25 01 01 ff 04 20 30 1e 06 08 2b 06 01 05 05 07 03 01 06 08 2b 
0d00: 06 01 05 05 07 03 02 06 08 2b 06 01 05 05 07 03 09 30 1e 06 0a 2b 06 01 04 01 83 1c 82 12 06 04 
0d20: 10 30 0e 30 0c 06 0a 2b 06 01 04 01 83 1c 82 12 02 30 1f 06 03 55 1d 23 04 18 30 16 80 14 05 c9 
0d40: 1b e5 9c 35 34 26 ef 3b ac e8 7b 76 ee 52 0d 87 d5 7e 30 0d 06 09 2a 86 48 86 f7 0d 01 01 0c 05 
0d60: 00 03 82 01 81 00 27 8c f1 52 2a 91 8a c2 4e 0b 42 d3 a1 92 f6 c6 f1 e6 bd b9 82 99 7b d6 c7 84 
0d80: 71 62 23 c8 a6 31 0a 8f a2 7b 87 57 78 c8 77 ee b4 97 41 3d c3 bc aa b5 51 2a 1e d5 4f dd db f2 
0da0: 75 f3 dc a8 4e d1 7d 3a dd 91 9a f8 e8 e1 5f ab 82 0e 00 d1 4b 62 bd 6c 6f ba 82 4b 01 dd 8c c4 
0dc0: 0c e7 7f d7 d7 80 05 f0 b3 f6 9d e7 8b 3c 60 97 fd a2 89 87 cc fc 3d 02 d0 5d 10 99 6c dd db 7b 
0de0: 26 be ca b6 3e 30 d4 e7 31 84 09 c9 6e 27 12 0a ec c6 d5 c8 fe e2 52 01 18 ec ed 10 53 c7 c9 2b 
0e00: bd 56 03 e8 33 96 dc 9f 28 18 02 04 d5 1b e7 87 99 99 ba a8 28 9f 4c 82 a0 28 70 1f 5f 1b ed 2f 
0e20: c3 ee ab a7 d9 9c 27 45 95 c4 32 63 b5 d7 59 d8 09 eb b4 7c 22 5e 5e f1 1e 8a be 5f 9d 94 bc 18 
0e40: 99 43 b1 c6 c7 4a b8 a9 05 a0 7e cb 97 0b 7e af 2c 5a d0 2c 0f bd 5b 8b a9 af df d5 6e 31 3a ec 
0e60: b5 32 8b a0 92 36 79 7f b7 a4 89 8f 5e 3d 2f 56 2a 94 6a 31 bd ca db 69 93 aa fa 18 4c a0 f7 20 
0e80: bd b0 d9 f6 67 d1 d5 0d 31 3c 00 09 92 47 bf d4 0c 88 11 a3 68 c4 90 76 13 95 1a e0 9e a3 c4 57 
0ea0: 34 c0 e4 b6 7d de 11 c2 70 05 a9 c6 9b c1 44 87 7e 00 c8 43 f9 66 e6 0c 8c a6 9b fb 5a 16 66 a5 
0ec0: 87 db 9d 39 09 7a 96 93 a9 f2 35 2d 42 3c 6c 53 cc dc fc 2c 2a 32 14 14 1e 8f 71 80 39 50 ce 6f 
0ee0: 82 ed 52 c7 a2 65 
Platform port Transmit command: 00 00 00 01 
Platform port Transmit transport_type: 00 00 00 01 
Platform port Transmit size: 00 00 0e e7 
Platform port Transmit buffer:
    05 14 eb 01 00 14 02 80 01 00 00 00 00 d2 0e 00 00 00 00 00 00 d2 0e 00 00 e5 9e e2 11 02 74 16 a3 a6 2a ae 64 70 2e 8f ff 8e 01 69 da b6 6c 19 54 a1 77 ce 4d 62 38 06 bd 4a dd 3a 74 4e 30 fc 9b 69 e9 87 03 18 36 1f 14 30 82 05 1d 30 82 03 05 a0 03 02 01 02 02 14 73 18 91 72 67 43 13 fe 81 a4 ce 5c 6f d7 1d 09 2a a2 c6 16 30 0d 06 09 2a 86 48 86 f7 0d 01 01 0c 05 00 30 1e 31 1c 30 1a 06 03 55 04 03 0c 13 44 4d 54 46 20 6c 69 62 73 70 64 6d 20 52 53 41 20 43 41 30 1e 17 0d 32 36 30 36 32 33 30 32 35 38 33 35 5a 17 0d 33 36 30 36 32 30 30 32 35 38 33 35 5a 30 1e 31 1c 30 1a 06 03 55 04 03 0c 13 44 4d 54 46 20 6c 69 62 73 70 64 6d 20 52 53 41 20 43 41 30 82 02 22 30 0d 06 09 2a 86 48 86 f7 0d 01 01 01 05 00 03 82 02 0f 00 30 82 02 0a 02 82 02 01 00 d0 0d 17 d6 f1 10 b0 1a 51 eb 38 59 5d 65 5c d0 3c 67 38 ae b1 fb 5a 2c 0b af 96 50 54 04 fe bd ae 21 3b b9 fc 3e 47 13 b1 42 eb 40 f2 ac 0d 1c f2 ac 89 b2 c3 bf f6 a6 10 ef 91 91 68 2f 93 a9 f5 e2 67 8f 7b 5a 89 cf 3b e8 72 ab 77 f5 60 95 50 df 52 19 c0 f5 7d 39 d4 01 ed 18 6d a0 a0 4c de bd 67 bd ab 51 bc 12 2c b6 f4 89 69 5d da af 84 83 4e cb de a3 52 6c 74 2d b8 d3 d0 4c ba 36 99 47 d5 5c 84 09 e4 88 1c 16 a7 3c d0 27 28 52 87 0d 3e f3 e6 f6 50 a9 a1 95 3c 83 87 f1 64 f7 cb d0 45 bf cc 8a 59 b2 3e c4 2f 31 b3 e9 b0 81 79 a3 8c 15 25 ae ab 5c 14 07 56 ad ba 0e 3b 3e 82 50 6e 10 2a 64 e6 67 e9 2d 87 51 fc 7f 8d f2 99 aa 08 e9 b8 62 cc 64 06 d2 f4 24 e2 77 4b 23 65 2b 7c 70 cd 09 75 b1 36 40 07 42 2e 4e 2e ea 2b 42 48 ce ac 01 62 4b 12 0b eb 1c aa 6b d0 88 a1 f6 89 40 06 ea 7c 9c c9 92 3b 23 6b 84 ce 17 6a ea e8 47 7e d6 27 c0 d7 49 73 8a ac 78 c5 df 18 f8 55 93 f4 b8 2c 37 ba 13 6b 56 a2 ec 39 44 0c bc 89 d9 5d d3 60 8d 7d 35 83 b1 64 c2 e4 0c 15 74 43 03 fd b2 d7 70 fb 6c 1d fc 74 49 32 a4 cb 3b 9c ca ae 10 29 13 b6 38 30 c4 71 30 d7 f9 8a 1d 10 9a a6 26 13 74 c6 7a 72 45 f0 52 b2 29 e4 44 69 e1 12 80 bb 87 73 9c 12 e3 5a 6a 49 66 a2 db 56 8c 3c 1d cf 11 b4 c1 47 c8 a5 38 dc 25 7d d8 f3 0e b3 ef 2c c6 f6 27 36 0f 84 2c 68 99 08 98 ed 99 76 f7 95 73 7b a8 eb 93 7f 9a b2 a8 b2 4e 2a ab f2 46 26 5a 36 46 68 c3 c3 aa 05 a3 fb 35 ac 8b 26 e4 83 a7 79 37 c2 3c 8f a0 6f 92 00 3b 4c 87 11 21 30 a3 59 b2 e4 6c 42 6a a9 fc 50 c0 4b 54 61 83 a5 9a a4 42 26 29 04 c1 9e c9 99 14 12 45 cf 53 f3 00 00 3d 18 42 b5 cd 20 a7 02 03 01 00 01 a3 53 30 51 30 1d 06 03 55 1d 0e 04 16 04 14 da 1b 31 0c d7 9f f1 c0 c5 1b 3a 33 28 a7 0c 01 c2 e4 62 b2 30 1f 06 03 55 1d 23 04 18 30 16 80 14 da 1b 31 0c d7 9f f1 c0 c5 1b 3a 33 28 a7 0c 01 c2 e4 62 b2 30 0f 06 03 55 1d 13 01 01 ff 04 05 30 03 01 01 ff 30 0d 06 09 2a 86 48 86 f7 0d 01 01 0c 05 00 03 82 02 01 00 5d 51 0e a0 14 bf 9e 8d cd 26 bc 70 d3 d6 df 93 76 af 2a d7 2e ab 3b 33 ae 15 e6 4a 4a 9a da f7 da 3f 48 7b 2a 24 95 6d 2f 96 c2 1b e1 38 7f c5 f0 ac 50 e5 6e a8 8b 37 78 c8 90 25 30 68 39 9c 11 f5 43 c4 da e8 13 b8 ea be 40 b4 50 38 8c 8a 0d 1d 25 cd 6b 5b c2 02 a3 c9 77 7f d8 43 cf 05 8a b4 4d c0 cf 7e a1 2c 55 55 e3 7e bd 76 b3 6a 90 dc a1 2a e3 e0 71 e5 00 f4 d2 29 75 eb c3 3a 61 b6 3c e5 f3 c2 47 bf b5 65 fe 94 73 44 bc cd 75 86 3d 7c 87 a6 28 1d 9c 76 29 60 61 90 f7 14 26 ce ff 8b 64 a0 a2 78 d2 74 eb 5f 58 9d 19 5f 8f 7f 85 05 78 09 4b 57 cd 6a f8 8e cc dd f5 b0 a6 a6 47 3b 60 ef 36 c1 8f 35 64 97 6c f4 2f 20 ce 1f 46 60 c7 dd ed 31 27 ef 76 dc 21 d0 66 c0 a3 0b 5b e6 b2 e4 5c 63 2c e3 10 0c 16 44 95 7d 1a a5 ce a8 73 5f 82 93 79 ec 72 82 14 56 38 a5 38 57 69 e6 90 89 0c 6f 65 26 8e c1 d3 97 d3 51 ef 65 86 69 df f6 67 c6 dd 3d a5 eb 3a 92 f1 2a 04 a9 19 fe 96 b2 da 52 d8 31 5b 26 5b ec 4a e4 bd 81 06 46 04 a8 e5 7a 4d 2c 92 80 20 9c 6b 79 05 0a 41 3d e1 8a a6 0f c5 4c 92 36 38 18 ac f9 e2 ea d9 04 70 01 71 9e 0c 03 04 49 38 49 14 f0 d7 7c 9c 74 3c 2a 22 9a 67 a1 d6 86 25 0a 96 28 de 1b 7d e1 3e b2 e2 13 71 0c 13 db ff a8 6f d5 91 d6 53 ea 71 f4 68 5c 23 b9 c2 70 0e 57 1c a4 95 43 0d fb 6d 6c 66 42 6a 33 e0 8d 00 42 07 8a 3c 09 f1 03 e1 e3 0c 0e 08 18 04 66 82 d3 46 dc 52 a9 a9 f5 5e 72 04 8f 55 d3 9b fd 0c 70 d5 0a cb 66 d0 4b a9 93 80 70 9d 86 0e ca c0 e8 54 2e ed 12 37 91 a9 9c 77 f4 c7 bf 7f 28 87 d0 4e cc db 32 d5 e6 c7 f8 ca 07 97 0a e7 e3 89 53 cc 36 04 a1 0d dd 56 36 d0 4c d8 8c c1 02 61 5a 78 a0 30 82 04 c5 30 82 02 ad a0 03 02 01 02 02 01 01 30 0d 06 09 2a 86 48 86 f7 0d 01 01 0c 05 00 30 1e 31 1c 30 1a 06 03 55 04 03 0c 13 44 4d 54 46 20 6c 69 62 73 70 64 6d 20 52 53 41 20 43 41 30 1e 17 0d 32 36 30 36 32 33 30 32 35 38 33 35 5a 17 0d 33 36 30 36 32 30 30 32 35 38 33 35 5a 30 2d 31 2b 30 29 06 03 55 04 03 0c 22 44 4d 54 46 20 6c 69 62 73 70 64 6d 20 52 53 41 20 69 6e 74 65 72 6d 65 64 69 61 74 65 20 63 65 72 74 30 82 01 a2 30 0d 06 09 2a 86 48 86 f7 0d 01 01 01 05 00 03 82 01 8f 00 30 82 01 8a 02 82 01 81 00 af 16 7f 99 fc f4 75 ee 99 ed 32 1a 09 89 80 e6 49 aa b0 53 26 61 5d 45 5c ec 56 3e 4d fe 10 34 e3 e7 8a fa f8 e9 21 d2 34 e2 9b 3a 79 48 23 a0 ae ad d7 ed d1 ae 86 2f 51 8e 28 94 6b 8c 2b b0 54 98 78 44 fd b2 d5 68 ec 99 e0 d6 05 24 01 24 81 9d 4a a1 fe 50 47 49 57 ae 81 a2 96 33 f3 3e 89 1c 7f 11 9a 61 5f e4 fb e9 b0 07 12 12 ef 8d 71 ea 81 46 40 1e 00 1a f6 ed b6 9f 85 b5 84 95 e4 20 f9 a0 61 22 bc eb 8b 38 5d e9 d1 71 11 f9 6c fd 82 b7 c4 c0 f6 d1 06 76 bc 67 9d 11 08 5e aa 51 55 2f ba e1 be c7 f6 b4 f9 b9 4c 79 db a9 8b 29 05 7f cc f3 bb ab a7 ea 19 f8 0f 25 57 9f 58 a6 26 e1 b3 38 59 49 25 48 c9 df 5d 69 33 f1 76 e1 ba 53 9d c6 f4 84 35 a3 14 12 ab 9c 5b b2 42 38 3e f0 4e c7 e4 3a 7d ea ff 7f 82 af c7 3d be 5e f4 fc b8 a9 06 e5 80 bc c8 b0 15 46 85 97 c0 72 45 15 e4 21 06 30 a3 50 4b 39 13 bd 1c d9 b9 6b 67 b2 92 41 c0 ce 97 94 a4 f2 49 de 16 83 2c b3 88 16 01 57 74 38 7c 87 f0 64 c5 da d6 be a2 64 1d 23 6f 76 3d 47 a5 24 cb 68 4c 54 cb 2d af 64 c3 3f 90 49 e9 8a 61 4a 5c 62 b1 c9 8f 03 eb 79 40 14 d6 0b 98 1e 69 63 20 b5 a4 a6 cd 5d 67 b0 ed f2 d4 a5 a4 1e 6c b2 d3 42 79 43 b5 22 4d fb 7e 36 d7 46 af c2 42 74 31 09 78 c0 65 ef 02 03 01 00 01 a3 7f 30 7d 30 0c 06 03 55 1d 13 04 05 30 03 01 01 ff 30 0b 06 03 55 1d 0f 04 04 03 02 01 fe 30 1d 06 03 55 1d 0e 04 16 04 14 05 c9 1b e5 9c 35 34 26 ef 3b ac e8 7b 76 ee 52 0d 87 d5 7e 30 20 06 03 55 1d 25 01 01 ff 04 16 30 14 06 08 2b 06 01 05 05 07 03 01 06 08 2b 06 01 05 05 07 03 02 30 1f 06 03 55 1d 23 04 18 30 16 80 14 da 1b 31 0c d7 9f f1 c0 c5 1b 3a 33 28 a7 0c 01 c2 e4 62 b2 30 0d 06 09 2a 86 48 86 f7 0d 01 01 0c 05 00 03 82 02 01 00 22 97 c0 81 e0 31 d2 b5 37 bb 05 e7 78 d4 bf 2a 69 00 c1 77 b3 84 b6 fd a4 96 3f b0 c9 49 6b 2e cb 71 2b bc 54 27 f5 7f 1f fd 41 72 f4 dd 75 89 59 ab 4d 24 85 13 a3 5a 9f cb b2 7b 18 54 b5 40 3d fb 42 5b f2 8b 43 56 19 71 ed d2 2f 9a 3a bd ab 0a 2b 1f 46 4b c7 3b 30 53 00 81 c8 cd 4a f3 d8 a0 c7 dd 01 0c 3c 88 8a 37 77 69 88 c1 53 ac f5 78 4d c2 8b 54 fd 7f d7 fa cc 32 96 f3 f3 9a 2d 4b d4 66 f3 b0 16 92 e5 f9 a5 96 a0 a7 c0 5c c5 df ca f8 36 d2 1e e0 5d cf b9 28 b2 3d 3c 80 47 18 72 11 af 9e 37 1b 2e 26 85 6d 0a 29 ef 49 7c 2e d9 0a 94 db 33 de ce 1b 3c 39 17 0b 37 2f ad 81 1f 44 3f 47 a1 ea 33 61 d2 6f a5 58 bf ca d8 e7 82 4d 03 8f 5f bc 87 6e 4e 70 9e fb 61 74 26 da 35 88 bb ee dc db 0b b9 a4 f7 4e 8c 98 49 77 4c 02 75 28 9f d9 9d 5a 72 42 a8 23 0b 3f 69 c9 fd cb e4 54 13 60 69 1a 97 5b 32 dd 6f 61 82 96 3e 42 16 d2 cb b9 de 6d 9c a4 77 29 eb 6d bd a4 01 b1 fe 41 54 2f 7e b8 9e 66 02 b8 e4 0d 1e dc d7 1c 62 b6 e4 b7 4c dc b1 9f 50 99 c9 8a 4a 9e dd 98 4e 3a 94 bb 00 95 51 98 9b 12 66 a9 24 89 6e 45 61 f6 15 c2 24 d7 bd 7b ab 8b a8 43 ef bb 84 5b 9d dc 6f 13 20 6e 30 d8 63 6d 9e 03 37 34 8c fa e5 60 ad 3e 06 b5 79 8a 51 60 34 61 75 98 5a 92 82 ec 57 93 fd b3 96 5d e9 4a 00 49 08 05 0a 3a ee ea 8b cc 88 e5 32 19 81 ec 3f 4a 6c b3 7b b9 4e a5 9d ee da 84 3d 30 00 ae 39 0e 8b 11 d9 48 22 6b c1 61 14 20 da d6 46 2b 9f 66 d6 0e dd f5 62 cf ff 47 81 e9 f5 4c 7a a9 6d e9 0f 56 32 42 37 f7 cd 3f 36 e7 d2 92 8f 83 c5 e8 1f 4f a5 41 e8 36 3b 9a 03 79 52 e4 58 48 c0 43 3c 79 14 32 70 c6 08 d5 89 14 27 30 63 d2 43 a1 cf 30 82 04 b0 30 82 03 18 a0 03 02 01 02 02 01 02 30 0d 06 09 2a 86 48 86 f7 0d 01 01 0c 05 00 30 2d 31 2b 30 29 06 03 55 04 03 0c 22 44 4d 54 46 20 6c 69 62 73 70 64 6d 20 52 53 41 20 69 6e 74 65 72 6d 65 64 69 61 74 65 20 63 65 72 74 30 1e 17 0d 32 36 30 36 32 33 30 32 35 38 33 35 5a 17 0d 33 36 30 36 32 30 30 32 35 38 33 35 5a 30 2a 31 28 30 26 06 03 55 04 03 0c 1f 44 4d 54 46 20 6c 69 62 73 70 64 6d 20 52 53 41 20 72 65 71 75 73 65 74 65 72 20 63 65 72 74 30 82 01 a2 30 0d 06 09 2a 86 48 86 f7 0d 01 01 01 05 00 03 82 01 8f 00 30 82 01 8a 02 82 01 81 00 c5 9b 03 e9 40 84 b8 a3 79 92 7a 7f ee 48 29 c9 dc 1a b9 39 d2 3e e8 80 a2 01 9a 7e 32 41 77 0f 58 65 e0 8e b4 cb a0 ca 9e 6e 1c 71 cb c4 c0 8a c7 55 fe 99 d6 6f ed 3d 58 10 0e ae dd 28 23 39 df a3 c4 a2 e8 2c fc 75 de 0b 47 b4 96 5f 7c 00 f1 c8 c8 8b 37 f7 8a c8 1f 8e 13 4b 79 f0 3f 03 be 36 12 60 2f f4 fc db ec 6c f0 c6 ee c9 c1 e9 9a 93 c5 98 88 b7 46 34 4e 1d ab e6 2f bb 19 7a 09 e4 ac 40 27 4c 6d d1 9b 36 1b f2 79 67 bf 3c 45 0d 07 6c b3 0d c8 26 c5 50 ec 53 11 b9 ef e2 58 1d ca c4 a3 ba 31 d4 c6 98 af 86 79 f8 d8 14 5b f0 21 cc 69 ae 51 cf a4 f7 dd 69 6a c9 d6 d0 16 02 a5 e6 1a a8 ad fc 01 87 e7 7b 1c 34 51 b0 79 36 65 85 35 17 31 0f 4d 0f 9b eb 2b 46 73 03 c0 5d 7c fb e3 8a 5f eb 1a 9d 07 be aa 92 a2 a7 bb d9 01 8a be b6 da c3 09 d6 56 0f 62 bb 42 bb a6 ea 71 1b c6 af c9 64 08 c8 91 04 38 78 09 dc 47 f2 15 7a dc 81 25 27 33 6a 37 bc 81 95 c3 82 aa 9e e4 5f 06 f4 00 34 26 21 1b 84 47 12 e6 1a b8 68 84 c5 1e b5 a6 80 d0 c9 14 f8 57 ee a8 e9 33 36 d6 30 54 63 c8 71 c5 e6 4b 7c 58 20 1e 7d 9a 03 d0 8a a6 0a 1d 3c 61 82 7f 6a 06 5c cb f0 8b 7c 7a 65 7a d8 9f a0 02 7b 9d de 11 28 37 de 52 c8 32 55 37 fe 9d 7a 1f 74 81 d4 79 39 76 dd 02 03 01 00 01 a3 81 dd 30 81 da 30 0c 06 03 55 1d 13 01 01 ff 04 02 30 00 30 0b 06 03 55 1d 0f 04 04 03 02 05 e0 30 1d 06 03 55 1d 0e 04 16 04 14 3c 6c a6 29 3a e8 35 1a af 0a 79 20 1a 7f 21 53 ac 4b 45 be 30 31 06 03 55 1d 11 04 2a 30 28 a0 26 06 0a 2b 06 01 04 01 83 1c 82 12 01 a0 18 0c 16 41 43 4d 45 3a 57 49 44 47 45 54 3a 31 32 33 34 35 36 37 38 39 30 30 2a 06 03 55 1d 25 01 01 ff 04 20 30 1e 06 08 2b 06 01 05 05 07 03 01 06 08 2b 06 01 05 05 07 03 02 06 08 2b 06 01 05 05 07 03 09 30 1e 06 0a 2b 06 01 04 01 83 1c 82 12 06 04 10 30 0e 30 0c 06 0a 2b 06 01 04 01 83 1c 82 12 02 30 1f 06 03 55 1d 23 04 18 30 16 80 14 05 c9 1b e5 9c 35 34 26 ef 3b ac e8 7b 76 ee 52 0d 87 d5 7e 30 0d 06 09 2a 86 48 86 f7 0d 01 01 0c 05 00 03 82 01 81 00 27 8c f1 52 2a 91 8a c2 4e 0b 42 d3 a1 92 f6 c6 f1 e6 bd b9 82 99 7b d6 c7 84 71 62 23 c8 a6 31 0a 8f a2 7b 87 57 78 c8 77 ee b4 97 41 3d c3 bc aa b5 51 2a 1e d5 4f dd db f2 75 f3 dc a8 4e d1 7d 3a dd 91 9a f8 e8 e1 5f ab 82 0e 00 d1 4b 62 bd 6c 6f ba 82 4b 01 dd 8c c4 0c e7 7f d7 d7 80 05 f0 b3 f6 9d e7 8b 3c 60 97 fd a2 89 87 cc fc 3d 02 d0 5d 10 99 6c dd db 7b 26 be ca b6 3e 30 d4 e7 31 84 09 c9 6e 27 12 0a ec c6 d5 c8 fe e2 52 01 18 ec ed 10 53 c7 c9 2b bd 56 03 e8 33 96 dc 9f 28 18 02 04 d5 1b e7 87 99 99 ba a8 28 9f 4c 82 a0 28 70 1f 5f 1b ed 2f c3 ee ab a7 d9 9c 27 45 95 c4 32 63 b5 d7 59 d8 09 eb b4 7c 22 5e 5e f1 1e 8a be 5f 9d 94 bc 18 99 43 b1 c6 c7 4a b8 a9 05 a0 7e cb 97 0b 7e af 2c 5a d0 2c 0f bd 5b 8b a9 af df d5 6e 31 3a ec b5 32 8b a0 92 36 79 7f b7 a4 89 8f 5e 3d 2f 56 2a 94 6a 31 bd ca db 69 93 aa fa 18 4c a0 f7 20 bd b0 d9 f6 67 d1 d5 0d 31 3c 00 09 92 47 bf d4 0c 88 11 a3 68 c4 90 76 13 95 1a e0 9e a3 c4 57 34 c0 e4 b6 7d de 11 c2 70 05 a9 c6 9b c1 44 87 7e 00 c8 43 f9 66 e6 0c 8c a6 9b fb 5a 16 66 a5 87 db 9d 39 09 7a 96 93 a9 f2 35 2d 42 3c 6c 53 cc dc fc 2c 2a 32 14 14 1e 8f 71 80 39 50 ce 6f 82 ed 52 c7 a2 65 
Platform port Receive command: 00 00 00 01 
Platform port Receive transport_type: 00 00 00 01 
Platform port Receive size: 00 00 00 35 
Platform port Receive buffer:
    05 14 6b 02 01 01 00 00 00 14 83 00 00 60 7a a7 88 33 c2 30 07 c7 60 a6 6d 4f 59 73 18 ee 6f 16 ee 04 41 ab 66 ad 69 c3 78 9d b6 6e 98 00 00 00 00 00 00 00 00 
libspdm_receive_spdm_response[0] msg SPDM_ENCAPSULATED_RESPONSE_ACK(0x6b), size (0x34): 
0000: 14 6b 02 01 01 00 00 00 14 83 00 00 60 7a a7 88 33 c2 30 07 c7 60 a6 6d 4f 59 73 18 ee 6f 16 ee 
0020: 04 41 ab 66 ad 69 c3 78 9d b6 6e 98 00 00 00 00 00 00 00 00 
m1m2 Mut hash - b7 39 43 f9 02 ca 82 b8 90 3d e1 ed 91 ab 3b bb 95 b0 57 83 cc 1f 10 b6 75 f2 cc b2 7c 2f 87 4f 02 72 db 2a 99 fe 4b ca db 2f e3 39 80 23 e7 51 
libspdm_send_spdm_request[0] msg SPDM_DELIVER_ENCAPSULATED_RESPONSE(0xeb), size (0x1e2): 
0000: 14 eb 02 00 14 03 00 07 48 3b 7d 94 91 ae 2e 10 8f a5 2f 69 23 41 5b 25 00 05 37 2f 44 c1 e7 4a 
0020: 29 c6 8c 11 e7 72 e7 b7 1b cc 82 95 29 4c 9e ad 88 9c 83 ea 06 8a 4f a2 92 e5 ce 3a df d3 1c 08 
0040: f1 87 98 92 25 74 f5 06 cd 29 ca 1d 6d 2f b9 26 be 37 49 66 3b bc 7e 19 00 00 00 00 00 00 00 00 
0060: 00 00 2f 82 39 0c 6e 50 5d 75 bb 7d 81 e5 a7 46 19 c6 43 31 52 7c 88 74 cb 76 95 06 82 96 14 ef 
0080: 7f 69 42 36 85 96 00 a5 3b fa 0f 7f 85 c3 c3 cc 1b b7 1a ec eb 39 f8 7e d4 9c 98 b4 34 5e c2 ac 
00a0: d5 a3 c7 35 4e 2d 44 45 18 e2 a2 e6 f9 5b 4e c7 6d 49 ea 12 23 ee 33 f9 4c 21 4b d0 5f 55 c6 6e 
00c0: c3 16 a7 51 10 3a 97 8f c6 13 24 b8 d1 3b d4 89 9a 00 fd c6 2d b7 f2 89 0e ba 3b 34 19 e0 d9 3e 
00e0: 28 34 6e 5c 8e fd 67 46 e7 b0 bd 1d 3b 78 e2 2f df d2 45 6e 0f 26 6a 2e c5 2d da 3d f5 0d 18 7b 
0100: 79 99 b6 0b 89 6f 81 88 32 2d d8 77 6b 3e 22 b8 b5 a4 65 35 15 76 d8 2b 0c ef 2b fd bf eb 63 09 
0120: 0f f0 a7 30 0d 52 84 9a 38 8c ab 7c 77 68 6f 15 81 2c 34 81 55 d9 b0 24 34 5c 5f 23 11 3a a8 b4 
0140: 38 84 5b 50 59 e9 39 6a da df 98 b2 aa c2 80 a3 4b 9d ba 3d c4 16 55 82 95 0f 36 b6 5a cf 8e 7d 
0160: d1 9d d2 23 b6 24 4e 0a 05 2f 3a e6 29 33 62 96 e4 ac dc 06 32 84 30 71 e3 c6 8c 17 52 c4 06 c0 
0180: a6 d4 12 7f b6 b3 63 30 08 88 5d c1 29 98 f1 b0 d6 ea bb 96 b8 00 d5 25 d3 7a 80 52 f1 f9 0c f3 
01a0: 55 3f 7e e6 9c a9 ff 1f 3f 25 f7 ac 5c b3 a1 27 e3 23 07 bb 4c c3 ea 81 38 ef 28 5c a2 bf 75 a8 
01c0: 1a 87 c4 19 14 5b a8 87 50 86 0d 32 cb 92 9e 0c 69 76 3f 2d 3f 6c 2e 61 cc d2 64 9d 83 00 ae 8a 
01e0: 2d 0a 
Platform port Transmit command: 00 00 00 01 
Platform port Transmit transport_type: 00 00 00 01 
Platform port Transmit size: 00 00 01 e3 
Platform port Transmit buffer:
    05 14 eb 02 00 14 03 00 07 48 3b 7d 94 91 ae 2e 10 8f a5 2f 69 23 41 5b 25 00 05 37 2f 44 c1 e7 4a 29 c6 8c 11 e7 72 e7 b7 1b cc 82 95 29 4c 9e ad 88 9c 83 ea 06 8a 4f a2 92 e5 ce 3a df d3 1c 08 f1 87 98 92 25 74 f5 06 cd 29 ca 1d 6d 2f b9 26 be 37 49 66 3b bc 7e 19 00 00 00 00 00 00 00 00 00 00 2f 82 39 0c 6e 50 5d 75 bb 7d 81 e5 a7 46 19 c6 43 31 52 7c 88 74 cb 76 95 06 82 96 14 ef 7f 69 42 36 85 96 00 a5 3b fa 0f 7f 85 c3 c3 cc 1b b7 1a ec eb 39 f8 7e d4 9c 98 b4 34 5e c2 ac d5 a3 c7 35 4e 2d 44 45 18 e2 a2 e6 f9 5b 4e c7 6d 49 ea 12 23 ee 33 f9 4c 21 4b d0 5f 55 c6 6e c3 16 a7 51 10 3a 97 8f c6 13 24 b8 d1 3b d4 89 9a 00 fd c6 2d b7 f2 89 0e ba 3b 34 19 e0 d9 3e 28 34 6e 5c 8e fd 67 46 e7 b0 bd 1d 3b 78 e2 2f df d2 45 6e 0f 26 6a 2e c5 2d da 3d f5 0d 18 7b 79 99 b6 0b 89 6f 81 88 32 2d d8 77 6b 3e 22 b8 b5 a4 65 35 15 76 d8 2b 0c ef 2b fd bf eb 63 09 0f f0 a7 30 0d 52 84 9a 38 8c ab 7c 77 68 6f 15 81 2c 34 81 55 d9 b0 24 34 5c 5f 23 11 3a a8 b4 38 84 5b 50 59 e9 39 6a da df 98 b2 aa c2 80 a3 4b 9d ba 3d c4 16 55 82 95 0f 36 b6 5a cf 8e 7d d1 9d d2 23 b6 24 4e 0a 05 2f 3a e6 29 33 62 96 e4 ac dc 06 32 84 30 71 e3 c6 8c 17 52 c4 06 c0 a6 d4 12 7f b6 b3 63 30 08 88 5d c1 29 98 f1 b0 d6 ea bb 96 b8 00 d5 25 d3 7a 80 52 f1 f9 0c f3 55 3f 7e e6 9c a9 ff 1f 3f 25 f7 ac 5c b3 a1 27 e3 23 07 bb 4c c3 ea 81 38 ef 28 5c a2 bf 75 a8 1a 87 c4 19 14 5b a8 87 50 86 0d 32 cb 92 9e 0c 69 76 3f 2d 3f 6c 2e 61 cc d2 64 9d 83 00 ae 8a 2d 0a 
Platform port Receive command: 00 00 00 01 
Platform port Receive transport_type: 00 00 00 01 
Platform port Receive size: 00 00 00 09 
Platform port Receive buffer:
    05 14 6b 00 00 02 00 00 00 
libspdm_receive_spdm_response[0] msg SPDM_ENCAPSULATED_RESPONSE_ACK(0x6b), size (0x8): 
0000: 14 6b 00 00 02 00 00 00 
libspdm_challenge - libspdm_encapsulated_request - 0u
libspdm_send_spdm_request[0] msg SPDM_GET_DIGESTS(0x81), size (0x4): 
0000: 14 81 00 00 
Platform port Transmit command: 00 00 00 01 
Platform port Transmit transport_type: 00 00 00 01 
Platform port Transmit size: 00 00 00 05 
Platform port Transmit buffer:
    05 14 81 00 00 
Platform port Receive command: 00 00 00 01 
Platform port Receive transport_type: 00 00 00 01 
Platform port Receive size: 00 00 00 a1 
Platform port Receive buffer:
    05 14 01 13 13 4c 3c 2c 4f c0 48 fc 50 7e 1c ff fb d0 32 92 78 74 c4 0b 6e 4f a3 82 1f db 9d b4 cc d0 ad 19 0e 10 03 4c 7f 95 d3 5e 12 58 d9 5c c3 14 08 8a 05 c2 4a 5b aa 9a 04 88 60 a3 9f f8 78 ad d6 52 ad d5 9c 52 48 29 b4 bb d1 94 de a4 a7 96 e7 07 95 25 53 c1 7a f6 20 93 6c f8 69 15 5c e2 dd 16 d6 4d 9c 43 ce 97 8a 0e 2d 25 af a1 49 b7 49 e7 cd 38 90 0a cd 19 3a 52 2d aa 7a db ec 3b 90 80 d3 ff 27 2a e3 4b 00 5d 13 21 85 3b 91 d2 68 6f 6c 05 05 11 01 01 01 0f 00 0f 00 0f 00 
libspdm_receive_spdm_response[0] msg SPDM_DIGESTS(0x1), size (0xa0): 
0000: 14 01 13 13 4c 3c 2c 4f c0 48 fc 50 7e 1c ff fb d0 32 92 78 74 c4 0b 6e 4f a3 82 1f db 9d b4 cc 
0020: d0 ad 19 0e 10 03 4c 7f 95 d3 5e 12 58 d9 5c c3 14 08 8a 05 c2 4a 5b aa 9a 04 88 60 a3 9f f8 78 
0040: ad d6 52 ad d5 9c 52 48 29 b4 bb d1 94 de a4 a7 96 e7 07 95 25 53 c1 7a f6 20 93 6c f8 69 15 5c 
0060: e2 dd 16 d6 4d 9c 43 ce 97 8a 0e 2d 25 af a1 49 b7 49 e7 cd 38 90 0a cd 19 3a 52 2d aa 7a db ec 
0080: 3b 90 80 d3 ff 27 2a e3 4b 00 5d 13 21 85 3b 91 d2 68 6f 6c 05 05 11 01 01 01 0f 00 0f 00 0f 00 
provisioned_slot_mask - 0x13
supported_slot_mask - 0x13
digest (0x0) - 4c 3c 2c 4f c0 48 fc 50 7e 1c ff fb d0 32 92 78 74 c4 0b 6e 4f a3 82 1f db 9d b4 cc d0 ad 19 0e 10 03 4c 7f 95 d3 5e 12 58 d9 5c c3 14 08 8a 05 
digest (0x1) - c2 4a 5b aa 9a 04 88 60 a3 9f f8 78 ad d6 52 ad d5 9c 52 48 29 b4 bb d1 94 de a4 a7 96 e7 07 95 25 53 c1 7a f6 20 93 6c f8 69 15 5c e2 dd 16 d6 
digest (0x2) - 4d 9c 43 ce 97 8a 0e 2d 25 af a1 49 b7 49 e7 cd 38 90 0a cd 19 3a 52 2d aa 7a db ec 3b 90 80 d3 ff 27 2a e3 4b 00 5d 13 21 85 3b 91 d2 68 6f 6c 
key_pair_id (0x0) - 0x05
key_pair_id (0x1) - 0x05
key_pair_id (0x2) - 0x11
cert_info (0x0) - 0x01
cert_info (0x1) - 0x01
cert_info (0x2) - 0x01
key_usage_bit_mask (0x0) - 0x000f
key_usage_bit_mask (0x1) - 0x000f
key_usage_bit_mask (0x2) - 0x000f
request (offset 0x0, size 0x27ff0):
libspdm_send_spdm_request[0] msg SPDM_GET_CERTIFICATE(0x82), size (0x10): 
0000: 14 82 80 00 00 00 00 00 00 00 00 00 f0 7f 02 00 
Platform port Transmit command: 00 00 00 01 
Platform port Transmit transport_type: 00 00 00 01 
Platform port Transmit size: 00 00 00 11 
Platform port Transmit buffer:
    05 14 82 80 00 00 00 00 00 00 00 00 00 f0 7f 02 00 
Platform port Receive command: 00 00 00 01 
Platform port Receive transport_type: 00 00 00 01 
Platform port Receive size: 00 00 06 88 
Platform port Receive buffer:
    05 14 02 80 01 00 00 00 00 77 06 00 00 00 00 00 00 77 06 00 00 ed 79 ce 9a 32 e4 ac 43 ae 6a d4 0d 50 6f 21 41 98 10 e5 4f 58 d8 c1 b7 08 ae e9 3f 9c 93 35 d6 31 0c f0 90 3d b8 9f f6 8f 9b 60 c4 42 cd f9 ce 30 82 01 d4 30 82 01 5a a0 03 02 01 02 02 14 4e 2c c9 29 56 cc 9f 61 ab b6 e0 9b 51 db e6 6f 91 83 7a e9 30 0a 06 08 2a 86 48 ce 3d 04 03 03 30 21 31 1f 30 1d 06 03 55 04 03 0c 16 44 4d 54 46 20 6c 69 62 73 70 64 6d 20 45 43 50 33 38 34 20 43 41 30 1e 17 0d 32 36 30 36 32 33 30 32 35 38 33 39 5a 17 0d 33 36 30 36 32 30 30 32 35 38 33 39 5a 30 21 31 1f 30 1d 06 03 55 04 03 0c 16 44 4d 54 46 20 6c 69 62 73 70 64 6d 20 45 43 50 33 38 34 20 43 41 30 76 30 10 06 07 2a 86 48 ce 3d 02 01 06 05 2b 81 04 00 22 03 62 00 04 08 14 c6 90 33 b3 ec f1 e3 c9 1c b1 07 fb e5 8f a2 86 23 c1 09 a9 d2 f6 05 a0 83 87 a4 3d f0 c0 fe ba 62 7a 05 14 7f e4 d6 5c 71 f1 c5 f2 31 dd f4 f5 90 a9 84 5b 35 ce 4f e0 3f e9 be e6 bf 3e 7b b3 6f 6a c9 22 0f 74 ac ae c3 74 e3 ff 6c 1d 86 51 da f7 1a 71 4b 44 51 9b 99 36 02 55 a4 9f a3 53 30 51 30 1d 06 03 55 1d 0e 04 16 04 14 4d a0 a6 e8 be 96 0b 1b 82 6a 0d 19 69 22 eb 12 0e 8c 72 db 30 1f 06 03 55 1d 23 04 18 30 16 80 14 4d a0 a6 e8 be 96 0b 1b 82 6a 0d 19 69 22 eb 12 0e 8c 72 db 30 0f 06 03 55 1d 13 01 01 ff 04 05 30 03 01 01 ff 30 0a 06 08 2a 86 48 ce 3d 04 03 03 03 68 00 30 65 02 31 00 a3 aa 37 07 8d 10 f9 42 64 22 6b 58 eb 8b 75 9a 97 29 e3 79 2f 63 20 67 37 f2 e3 d1 42 10 3d ff e8 c2 41 15 a0 b2 23 09 09 fc 45 39 5a 60 22 49 02 30 4e 06 77 f4 5d b3 6a 86 b0 01 a5 f7 8d b1 1f 9f fb d2 7d 4d 27 2d 83 e5 60 ea e8 59 fe 5b b2 0e 43 71 38 4a ed 60 34 40 ac 7b d3 58 33 04 16 69 30 82 01 fc 30 82 01 82 a0 03 02 01 02 02 01 01 30 0a 06 08 2a 86 48 ce 3d 04 03 03 30 21 31 1f 30 1d 06 03 55 04 03 0c 16 44 4d 54 46 20 6c 69 62 73 70 64 6d 20 45 43 50 33 38 34 20 43 41 30 1e 17 0d 32 36 30 36 32 33 30 32 35 38 33 39 5a 17 0d 33 36 30 36 32 30 30 32 35 38 33 39 5a 30 30 31 2e 30 2c 06 03 55 04 03 0c 25 44 4d 54 46 20 6c 69 62 73 70 64 6d 20 45 43 50 33 38 34 20 69 6e 74 65 72 6d 65 64 69 61 74 65 20 63 65 72 74 30 76 30 10 06 07 2a 86 48 ce 3d 02 01 06 05 2b 81 04 00 22 03 62 00 04 41 48 eb 59 d9 00 94 60 16 14 65 06 df 8e 43 08 d5 aa 72 79 ed d3 79 0b fa 81 7c 1b 13 3c e8 c7 e5 7c e0 d4 ea 14 29 a0 10 f4 03 8a 37 47 c6 bf 43 60 4c 1c f6 67 05 8e b4 9f c6 c2 12 52 ac 0a 4f 25 38 1e f7 99 49 f6 6c 61 e8 ee 1a c5 4f dd 88 6d f1 b1 dc 59 ce 74 88 8d ed 6f fa da 72 3e a3 7f 30 7d 30 0c 06 03 55 1d 13 04 05 30 03 01 01 ff 30 0b 06 03 55 1d 0f 04 04 03 02 01 fe 30 1d 06 03 55 1d 0e 04 16 04 14 9f 29 c1 22 b9 85 2c d6 8a ad 63 1f 7f 20 95 b4 03 6e 5c 09 30 20 06 03 55 1d 25 01 01 ff 04 16 30 14 06 08 2b 06 01 05 05 07 03 01 06 08 2b 06 01 05 05 07 03 02 30 1f 06 03 55 1d 23 04 18 30 16 80 14 4d a0 a6 e8 be 96 0b 1b 82 6a 0d 19 69 22 eb 12 0e 8c 72 db 30 0a 06 08 2a 86 48 ce 3d 04 03 03 03 68 00 30 65 02 30 17 63 16 8b 5a 2f 16 19 44 72 60 6a 51 00 44 ad bd 8b 8f c7 7d ee ec 1a 48 3d 33 43 d7 10 57 51 cd 13 ca cb 5b 4f 39 1a c8 02 cb dd 26 9f 5d 67 02 31 00 f3 f9 3b 80 f8 ae 86 fe b5 37 e4 04 e9 72 da bd 83 fb b0 32 bb e3 76 71 3a 2e f6 85 be db 59 a1 92 d1 3c ff ca 7b ee df 5e 94 5c 7a 41 37 1a ca 30 82 02 67 30 82 01 ed a0 03 02 01 02 02 01 03 30 0a 06 08 2a 86 48 ce 3d 04 03 03 30 30 31 2e 30 2c 06 03 55 04 03 0c 25 44 4d 54 46 20 6c 69 62 73 70 64 6d 20 45 43 50 33 38 34 20 69 6e 74 65 72 6d 65 64 69 61 74 65 20 63 65 72 74 30 1e 17 0d 32 36 30 36 32 33 30 32 35 38 33 39 5a 17 0d 33 36 30 36 32 30 30 32 35 38 33 39 5a 30 2d 31 2b 30 29 06 03 55 04 03 0c 22 44 4d 54 46 20 6c 69 62 73 70 64 6d 20 45 43 50 33 38 34 20 72 65 73 70 6f 6e 64 65 72 20 63 65 72 74 30 76 30 10 06 07 2a 86 48 ce 3d 02 01 06 05 2b 81 04 00 22 03 62 00 04 a7 fc 87 24 be 89 4b eb 29 13 d4 85 c9 68 bc 46 5f 17 60 1f 5a f3 4e b8 94 dc cc 39 82 27 51 0f 68 83 9a e1 45 d1 9f ef 76 95 d3 00 cb 13 77 31 12 9c 33 d0 36 dc a2 61 9e af cb 19 36 1c c8 55 1f 53 b9 7f 33 60 8b 56 9d d6 2b 00 77 36 0c 72 c0 68 81 82 56 34 41 0e 12 26 ee a3 a4 e4 85 3d a3 81 dd 30 81 da 30 0c 06 03 55 1d 13 01 01 ff 04 02 30 00 30 0b 06 03 55 1d 0f 04 04 03 02 05 e0 30 1d 06 03 55 1d 0e 04 16 04 14 ec aa 6a a1 85 9c a3 c2 4e bd 20 d8 96 cf 94 73 c5 80 51 9c 30 31 06 03 55 1d 11 04 2a 30 28 a0 26 06 0a 2b 06 01 04 01 83 1c 82 12 01 a0 18 0c 16 41 43 4d 45 3a 57 49 44 47 45 54 3a 31 32 33 34 35 36 37 38 39 30 30 2a 06 03 55 1d 25 01 01 ff 04 20 30 1e 06 08 2b 06 01 05 05 07 03 01 06 08 2b 06 01 05 05 07 03 02 06 08 2b 06 01 05 05 07 03 09 30 1e 06 0a 2b 06 01 04 01 83 1c 82 12 06 04 10 30 0e 30 0c 06 0a 2b 06 01 04 01 83 1c 82 12 02 30 1f 06 03 55 1d 23 04 18 30 16 80 14 9f 29 c1 22 b9 85 2c d6 8a ad 63 1f 7f 20 95 b4 03 6e 5c 09 30 0a 06 08 2a 86 48 ce 3d 04 03 03 03 68 00 30 65 02 31 00 99 f3 c4 66 ec db 65 42 85 d0 4b 4b a9 fe 88 cb f2 7a bd 4b ee dc a9 95 a6 7e 8b ce 36 c0 9f c0 03 06 d9 28 d9 e2 d6 30 8e 0b f9 87 03 94 ad e1 02 30 47 16 c3 38 22 fa b2 e1 68 0e 40 58 18 39 48 3c 92 35 10 bb ee 51 f7 aa 86 6a cd d2 60 33 66 be 30 3e ee 2b 55 1f d6 a8 94 09 35 44 9b fe 06 6d 
libspdm_receive_spdm_response[0] msg SPDM_CERTIFICATE(0x2), size (0x687): 
0000: 14 02 80 01 00 00 00 00 77 06 00 00 00 00 00 00 77 06 00 00 ed 79 ce 9a 32 e4 ac 43 ae 6a d4 0d 
0020: 50 6f 21 41 98 10 e5 4f 58 d8 c1 b7 08 ae e9 3f 9c 93 35 d6 31 0c f0 90 3d b8 9f f6 8f 9b 60 c4 
0040: 42 cd f9 ce 30 82 01 d4 30 82 01 5a a0 03 02 01 02 02 14 4e 2c c9 29 56 cc 9f 61 ab b6 e0 9b 51 
0060: db e6 6f 91 83 7a e9 30 0a 06 08 2a 86 48 ce 3d 04 03 03 30 21 31 1f 30 1d 06 03 55 04 03 0c 16 
0080: 44 4d 54 46 20 6c 69 62 73 70 64 6d 20 45 43 50 33 38 34 20 43 41 30 1e 17 0d 32 36 30 36 32 33 
00a0: 30 32 35 38 33 39 5a 17 0d 33 36 30 36 32 30 30 32 35 38 33 39 5a 30 21 31 1f 30 1d 06 03 55 04 
00c0: 03 0c 16 44 4d 54 46 20 6c 69 62 73 70 64 6d 20 45 43 50 33 38 34 20 43 41 30 76 30 10 06 07 2a 
00e0: 86 48 ce 3d 02 01 06 05 2b 81 04 00 22 03 62 00 04 08 14 c6 90 33 b3 ec f1 e3 c9 1c b1 07 fb e5 
0100: 8f a2 86 23 c1 09 a9 d2 f6 05 a0 83 87 a4 3d f0 c0 fe ba 62 7a 05 14 7f e4 d6 5c 71 f1 c5 f2 31 
0120: dd f4 f5 90 a9 84 5b 35 ce 4f e0 3f e9 be e6 bf 3e 7b b3 6f 6a c9 22 0f 74 ac ae c3 74 e3 ff 6c 
0140: 1d 86 51 da f7 1a 71 4b 44 51 9b 99 36 02 55 a4 9f a3 53 30 51 30 1d 06 03 55 1d 0e 04 16 04 14 
0160: 4d a0 a6 e8 be 96 0b 1b 82 6a 0d 19 69 22 eb 12 0e 8c 72 db 30 1f 06 03 55 1d 23 04 18 30 16 80 
0180: 14 4d a0 a6 e8 be 96 0b 1b 82 6a 0d 19 69 22 eb 12 0e 8c 72 db 30 0f 06 03 55 1d 13 01 01 ff 04 
01a0: 05 30 03 01 01 ff 30 0a 06 08 2a 86 48 ce 3d 04 03 03 03 68 00 30 65 02 31 00 a3 aa 37 07 8d 10 
01c0: f9 42 64 22 6b 58 eb 8b 75 9a 97 29 e3 79 2f 63 20 67 37 f2 e3 d1 42 10 3d ff e8 c2 41 15 a0 b2 
01e0: 23 09 09 fc 45 39 5a 60 22 49 02 30 4e 06 77 f4 5d b3 6a 86 b0 01 a5 f7 8d b1 1f 9f fb d2 7d 4d 
0200: 27 2d 83 e5 60 ea e8 59 fe 5b b2 0e 43 71 38 4a ed 60 34 40 ac 7b d3 58 33 04 16 69 30 82 01 fc 
0220: 30 82 01 82 a0 03 02 01 02 02 01 01 30 0a 06 08 2a 86 48 ce 3d 04 03 03 30 21 31 1f 30 1d 06 03 
0240: 55 04 03 0c 16 44 4d 54 46 20 6c 69 62 73 70 64 6d 20 45 43 50 33 38 34 20 43 41 30 1e 17 0d 32 
0260: 36 30 36 32 33 30 32 35 38 33 39 5a 17 0d 33 36 30 36 32 30 30 32 35 38 33 39 5a 30 30 31 2e 30 
0280: 2c 06 03 55 04 03 0c 25 44 4d 54 46 20 6c 69 62 73 70 64 6d 20 45 43 50 33 38 34 20 69 6e 74 65 
02a0: 72 6d 65 64 69 61 74 65 20 63 65 72 74 30 76 30 10 06 07 2a 86 48 ce 3d 02 01 06 05 2b 81 04 00 
02c0: 22 03 62 00 04 41 48 eb 59 d9 00 94 60 16 14 65 06 df 8e 43 08 d5 aa 72 79 ed d3 79 0b fa 81 7c 
02e0: 1b 13 3c e8 c7 e5 7c e0 d4 ea 14 29 a0 10 f4 03 8a 37 47 c6 bf 43 60 4c 1c f6 67 05 8e b4 9f c6 
0300: c2 12 52 ac 0a 4f 25 38 1e f7 99 49 f6 6c 61 e8 ee 1a c5 4f dd 88 6d f1 b1 dc 59 ce 74 88 8d ed 
0320: 6f fa da 72 3e a3 7f 30 7d 30 0c 06 03 55 1d 13 04 05 30 03 01 01 ff 30 0b 06 03 55 1d 0f 04 04 
0340: 03 02 01 fe 30 1d 06 03 55 1d 0e 04 16 04 14 9f 29 c1 22 b9 85 2c d6 8a ad 63 1f 7f 20 95 b4 03 
0360: 6e 5c 09 30 20 06 03 55 1d 25 01 01 ff 04 16 30 14 06 08 2b 06 01 05 05 07 03 01 06 08 2b 06 01 
0380: 05 05 07 03 02 30 1f 06 03 55 1d 23 04 18 30 16 80 14 4d a0 a6 e8 be 96 0b 1b 82 6a 0d 19 69 22 
03a0: eb 12 0e 8c 72 db 30 0a 06 08 2a 86 48 ce 3d 04 03 03 03 68 00 30 65 02 30 17 63 16 8b 5a 2f 16 
03c0: 19 44 72 60 6a 51 00 44 ad bd 8b 8f c7 7d ee ec 1a 48 3d 33 43 d7 10 57 51 cd 13 ca cb 5b 4f 39 
03e0: 1a c8 02 cb dd 26 9f 5d 67 02 31 00 f3 f9 3b 80 f8 ae 86 fe b5 37 e4 04 e9 72 da bd 83 fb b0 32 
0400: bb e3 76 71 3a 2e f6 85 be db 59 a1 92 d1 3c ff ca 7b ee df 5e 94 5c 7a 41 37 1a ca 30 82 02 67 
0420: 30 82 01 ed a0 03 02 01 02 02 01 03 30 0a 06 08 2a 86 48 ce 3d 04 03 03 30 30 31 2e 30 2c 06 03 
0440: 55 04 03 0c 25 44 4d 54 46 20 6c 69 62 73 70 64 6d 20 45 43 50 33 38 34 20 69 6e 74 65 72 6d 65 
0460: 64 69 61 74 65 20 63 65 72 74 30 1e 17 0d 32 36 30 36 32 33 30 32 35 38 33 39 5a 17 0d 33 36 30 
0480: 36 32 30 30 32 35 38 33 39 5a 30 2d 31 2b 30 29 06 03 55 04 03 0c 22 44 4d 54 46 20 6c 69 62 73 
04a0: 70 64 6d 20 45 43 50 33 38 34 20 72 65 73 70 6f 6e 64 65 72 20 63 65 72 74 30 76 30 10 06 07 2a 
04c0: 86 48 ce 3d 02 01 06 05 2b 81 04 00 22 03 62 00 04 a7 fc 87 24 be 89 4b eb 29 13 d4 85 c9 68 bc 
04e0: 46 5f 17 60 1f 5a f3 4e b8 94 dc cc 39 82 27 51 0f 68 83 9a e1 45 d1 9f ef 76 95 d3 00 cb 13 77 
0500: 31 12 9c 33 d0 36 dc a2 61 9e af cb 19 36 1c c8 55 1f 53 b9 7f 33 60 8b 56 9d d6 2b 00 77 36 0c 
0520: 72 c0 68 81 82 56 34 41 0e 12 26 ee a3 a4 e4 85 3d a3 81 dd 30 81 da 30 0c 06 03 55 1d 13 01 01 
0540: ff 04 02 30 00 30 0b 06 03 55 1d 0f 04 04 03 02 05 e0 30 1d 06 03 55 1d 0e 04 16 04 14 ec aa 6a 
0560: a1 85 9c a3 c2 4e bd 20 d8 96 cf 94 73 c5 80 51 9c 30 31 06 03 55 1d 11 04 2a 30 28 a0 26 06 0a 
0580: 2b 06 01 04 01 83 1c 82 12 01 a0 18 0c 16 41 43 4d 45 3a 57 49 44 47 45 54 3a 31 32 33 34 35 36 
05a0: 37 38 39 30 30 2a 06 03 55 1d 25 01 01 ff 04 20 30 1e 06 08 2b 06 01 05 05 07 03 01 06 08 2b 06 
05c0: 01 05 05 07 03 02 06 08 2b 06 01 05 05 07 03 09 30 1e 06 0a 2b 06 01 04 01 83 1c 82 12 06 04 10 
05e0: 30 0e 30 0c 06 0a 2b 06 01 04 01 83 1c 82 12 02 30 1f 06 03 55 1d 23 04 18 30 16 80 14 9f 29 c1 
0600: 22 b9 85 2c d6 8a ad 63 1f 7f 20 95 b4 03 6e 5c 09 30 0a 06 08 2a 86 48 ce 3d 04 03 03 03 68 00 
0620: 30 65 02 31 00 99 f3 c4 66 ec db 65 42 85 d0 4b 4b a9 fe 88 cb f2 7a bd 4b ee dc a9 95 a6 7e 8b 
0640: ce 36 c0 9f c0 03 06 d9 28 d9 e2 d6 30 8e 0b f9 87 03 94 ad e1 02 30 47 16 c3 38 22 fa b2 e1 68 
0660: 0e 40 58 18 39 48 3c 92 35 10 bb ee 51 f7 aa 86 6a cd d2 60 33 66 be 30 3e ee 2b 55 1f d6 a8 94 
0680: 09 35 44 9b fe 06 6d 
cert_info - 0x01
Certificate (offset 0x0, size 0x677):
0000: 77 06 00 00 ed 79 ce 9a 32 e4 ac 43 ae 6a d4 0d 50 6f 21 41 98 10 e5 4f 58 d8 c1 b7 08 ae e9 3f 
0020: 9c 93 35 d6 31 0c f0 90 3d b8 9f f6 8f 9b 60 c4 42 cd f9 ce 30 82 01 d4 30 82 01 5a a0 03 02 01 
0040: 02 02 14 4e 2c c9 29 56 cc 9f 61 ab b6 e0 9b 51 db e6 6f 91 83 7a e9 30 0a 06 08 2a 86 48 ce 3d 
0060: 04 03 03 30 21 31 1f 30 1d 06 03 55 04 03 0c 16 44 4d 54 46 20 6c 69 62 73 70 64 6d 20 45 43 50 
0080: 33 38 34 20 43 41 30 1e 17 0d 32 36 30 36 32 33 30 32 35 38 33 39 5a 17 0d 33 36 30 36 32 30 30 
00a0: 32 35 38 33 39 5a 30 21 31 1f 30 1d 06 03 55 04 03 0c 16 44 4d 54 46 20 6c 69 62 73 70 64 6d 20 
00c0: 45 43 50 33 38 34 20 43 41 30 76 30 10 06 07 2a 86 48 ce 3d 02 01 06 05 2b 81 04 00 22 03 62 00 
00e0: 04 08 14 c6 90 33 b3 ec f1 e3 c9 1c b1 07 fb e5 8f a2 86 23 c1 09 a9 d2 f6 05 a0 83 87 a4 3d f0 
0100: c0 fe ba 62 7a 05 14 7f e4 d6 5c 71 f1 c5 f2 31 dd f4 f5 90 a9 84 5b 35 ce 4f e0 3f e9 be e6 bf 
0120: 3e 7b b3 6f 6a c9 22 0f 74 ac ae c3 74 e3 ff 6c 1d 86 51 da f7 1a 71 4b 44 51 9b 99 36 02 55 a4 
0140: 9f a3 53 30 51 30 1d 06 03 55 1d 0e 04 16 04 14 4d a0 a6 e8 be 96 0b 1b 82 6a 0d 19 69 22 eb 12 
0160: 0e 8c 72 db 30 1f 06 03 55 1d 23 04 18 30 16 80 14 4d a0 a6 e8 be 96 0b 1b 82 6a 0d 19 69 22 eb 
0180: 12 0e 8c 72 db 30 0f 06 03 55 1d 13 01 01 ff 04 05 30 03 01 01 ff 30 0a 06 08 2a 86 48 ce 3d 04 
01a0: 03 03 03 68 00 30 65 02 31 00 a3 aa 37 07 8d 10 f9 42 64 22 6b 58 eb 8b 75 9a 97 29 e3 79 2f 63 
01c0: 20 67 37 f2 e3 d1 42 10 3d ff e8 c2 41 15 a0 b2 23 09 09 fc 45 39 5a 60 22 49 02 30 4e 06 77 f4 
01e0: 5d b3 6a 86 b0 01 a5 f7 8d b1 1f 9f fb d2 7d 4d 27 2d 83 e5 60 ea e8 59 fe 5b b2 0e 43 71 38 4a 
0200: ed 60 34 40 ac 7b d3 58 33 04 16 69 30 82 01 fc 30 82 01 82 a0 03 02 01 02 02 01 01 30 0a 06 08 
0220: 2a 86 48 ce 3d 04 03 03 30 21 31 1f 30 1d 06 03 55 04 03 0c 16 44 4d 54 46 20 6c 69 62 73 70 64 
0240: 6d 20 45 43 50 33 38 34 20 43 41 30 1e 17 0d 32 36 30 36 32 33 30 32 35 38 33 39 5a 17 0d 33 36 
0260: 30 36 32 30 30 32 35 38 33 39 5a 30 30 31 2e 30 2c 06 03 55 04 03 0c 25 44 4d 54 46 20 6c 69 62 
0280: 73 70 64 6d 20 45 43 50 33 38 34 20 69 6e 74 65 72 6d 65 64 69 61 74 65 20 63 65 72 74 30 76 30 
02a0: 10 06 07 2a 86 48 ce 3d 02 01 06 05 2b 81 04 00 22 03 62 00 04 41 48 eb 59 d9 00 94 60 16 14 65 
02c0: 06 df 8e 43 08 d5 aa 72 79 ed d3 79 0b fa 81 7c 1b 13 3c e8 c7 e5 7c e0 d4 ea 14 29 a0 10 f4 03 
02e0: 8a 37 47 c6 bf 43 60 4c 1c f6 67 05 8e b4 9f c6 c2 12 52 ac 0a 4f 25 38 1e f7 99 49 f6 6c 61 e8 
0300: ee 1a c5 4f dd 88 6d f1 b1 dc 59 ce 74 88 8d ed 6f fa da 72 3e a3 7f 30 7d 30 0c 06 03 55 1d 13 
0320: 04 05 30 03 01 01 ff 30 0b 06 03 55 1d 0f 04 04 03 02 01 fe 30 1d 06 03 55 1d 0e 04 16 04 14 9f 
0340: 29 c1 22 b9 85 2c d6 8a ad 63 1f 7f 20 95 b4 03 6e 5c 09 30 20 06 03 55 1d 25 01 01 ff 04 16 30 
0360: 14 06 08 2b 06 01 05 05 07 03 01 06 08 2b 06 01 05 05 07 03 02 30 1f 06 03 55 1d 23 04 18 30 16 
0380: 80 14 4d a0 a6 e8 be 96 0b 1b 82 6a 0d 19 69 22 eb 12 0e 8c 72 db 30 0a 06 08 2a 86 48 ce 3d 04 
03a0: 03 03 03 68 00 30 65 02 30 17 63 16 8b 5a 2f 16 19 44 72 60 6a 51 00 44 ad bd 8b 8f c7 7d ee ec 
03c0: 1a 48 3d 33 43 d7 10 57 51 cd 13 ca cb 5b 4f 39 1a c8 02 cb dd 26 9f 5d 67 02 31 00 f3 f9 3b 80 
03e0: f8 ae 86 fe b5 37 e4 04 e9 72 da bd 83 fb b0 32 bb e3 76 71 3a 2e f6 85 be db 59 a1 92 d1 3c ff 
0400: ca 7b ee df 5e 94 5c 7a 41 37 1a ca 30 82 02 67 30 82 01 ed a0 03 02 01 02 02 01 03 30 0a 06 08 
0420: 2a 86 48 ce 3d 04 03 03 30 30 31 2e 30 2c 06 03 55 04 03 0c 25 44 4d 54 46 20 6c 69 62 73 70 64 
0440: 6d 20 45 43 50 33 38 34 20 69 6e 74 65 72 6d 65 64 69 61 74 65 20 63 65 72 74 30 1e 17 0d 32 36 
0460: 30 36 32 33 30 32 35 38 33 39 5a 17 0d 33 36 30 36 32 30 30 32 35 38 33 39 5a 30 2d 31 2b 30 29 
0480: 06 03 55 04 03 0c 22 44 4d 54 46 20 6c 69 62 73 70 64 6d 20 45 43 50 33 38 34 20 72 65 73 70 6f 
04a0: 6e 64 65 72 20 63 65 72 74 30 76 30 10 06 07 2a 86 48 ce 3d 02 01 06 05 2b 81 04 00 22 03 62 00 
04c0: 04 a7 fc 87 24 be 89 4b eb 29 13 d4 85 c9 68 bc 46 5f 17 60 1f 5a f3 4e b8 94 dc cc 39 82 27 51 
04e0: 0f 68 83 9a e1 45 d1 9f ef 76 95 d3 00 cb 13 77 31 12 9c 33 d0 36 dc a2 61 9e af cb 19 36 1c c8 
0500: 55 1f 53 b9 7f 33 60 8b 56 9d d6 2b 00 77 36 0c 72 c0 68 81 82 56 34 41 0e 12 26 ee a3 a4 e4 85 
0520: 3d a3 81 dd 30 81 da 30 0c 06 03 55 1d 13 01 01 ff 04 02 30 00 30 0b 06 03 55 1d 0f 04 04 03 02 
0540: 05 e0 30 1d 06 03 55 1d 0e 04 16 04 14 ec aa 6a a1 85 9c a3 c2 4e bd 20 d8 96 cf 94 73 c5 80 51 
0560: 9c 30 31 06 03 55 1d 11 04 2a 30 28 a0 26 06 0a 2b 06 01 04 01 83 1c 82 12 01 a0 18 0c 16 41 43 
0580: 4d 45 3a 57 49 44 47 45 54 3a 31 32 33 34 35 36 37 38 39 30 30 2a 06 03 55 1d 25 01 01 ff 04 20 
05a0: 30 1e 06 08 2b 06 01 05 05 07 03 01 06 08 2b 06 01 05 05 07 03 02 06 08 2b 06 01 05 05 07 03 09 
05c0: 30 1e 06 0a 2b 06 01 04 01 83 1c 82 12 06 04 10 30 0e 30 0c 06 0a 2b 06 01 04 01 83 1c 82 12 02 
05e0: 30 1f 06 03 55 1d 23 04 18 30 16 80 14 9f 29 c1 22 b9 85 2c d6 8a ad 63 1f 7f 20 95 b4 03 6e 5c 
0600: 09 30 0a 06 08 2a 86 48 ce 3d 04 03 03 03 68 00 30 65 02 31 00 99 f3 c4 66 ec db 65 42 85 d0 4b 
0620: 4b a9 fe 88 cb f2 7a bd 4b ee dc a9 95 a6 7e 8b ce 36 c0 9f c0 03 06 d9 28 d9 e2 d6 30 8e 0b f9 
0640: 87 03 94 ad e1 02 30 47 16 c3 38 22 fa b2 e1 68 0e 40 58 18 39 48 3c 92 35 10 bb ee 51 f7 aa 86 
0660: 6a cd d2 60 33 66 be 30 3e ee 2b 55 1f d6 a8 94 09 35 44 9b fe 06 6d 
!!! VerifyCertificateChainBuffer - PASS (cert root hash match) !!!
!!! verify_peer_cert_chain_buffer - PASS !!!
libspdm_send_spdm_request[0] msg SPDM_GET_DIGESTS(0x81), size (0x4): 
0000: 14 81 00 00 
Platform port Transmit command: 00 00 00 01 
Platform port Transmit transport_type: 00 00 00 01 
Platform port Transmit size: 00 00 00 05 
Platform port Transmit buffer:
    05 14 81 00 00 
Platform port Receive command: 00 00 00 01 
Platform port Receive transport_type: 00 00 00 01 
Platform port Receive size: 00 00 00 a1 
Platform port Receive buffer:
    05 14 01 13 13 4c 3c 2c 4f c0 48 fc 50 7e 1c ff fb d0 32 92 78 74 c4 0b 6e 4f a3 82 1f db 9d b4 cc d0 ad 19 0e 10 03 4c 7f 95 d3 5e 12 58 d9 5c c3 14 08 8a 05 c2 4a 5b aa 9a 04 88 60 a3 9f f8 78 ad d6 52 ad d5 9c 52 48 29 b4 bb d1 94 de a4 a7 96 e7 07 95 25 53 c1 7a f6 20 93 6c f8 69 15 5c e2 dd 16 d6 4d 9c 43 ce 97 8a 0e 2d 25 af a1 49 b7 49 e7 cd 38 90 0a cd 19 3a 52 2d aa 7a db ec 3b 90 80 d3 ff 27 2a e3 4b 00 5d 13 21 85 3b 91 d2 68 6f 6c 05 05 11 01 01 01 0f 00 0f 00 0f 00 
libspdm_receive_spdm_response[0] msg SPDM_DIGESTS(0x1), size (0xa0): 
0000: 14 01 13 13 4c 3c 2c 4f c0 48 fc 50 7e 1c ff fb d0 32 92 78 74 c4 0b 6e 4f a3 82 1f db 9d b4 cc 
0020: d0 ad 19 0e 10 03 4c 7f 95 d3 5e 12 58 d9 5c c3 14 08 8a 05 c2 4a 5b aa 9a 04 88 60 a3 9f f8 78 
0040: ad d6 52 ad d5 9c 52 48 29 b4 bb d1 94 de a4 a7 96 e7 07 95 25 53 c1 7a f6 20 93 6c f8 69 15 5c 
0060: e2 dd 16 d6 4d 9c 43 ce 97 8a 0e 2d 25 af a1 49 b7 49 e7 cd 38 90 0a cd 19 3a 52 2d aa 7a db ec 
0080: 3b 90 80 d3 ff 27 2a e3 4b 00 5d 13 21 85 3b 91 d2 68 6f 6c 05 05 11 01 01 01 0f 00 0f 00 0f 00 
provisioned_slot_mask - 0x13
supported_slot_mask - 0x13
digest (0x0) - 4c 3c 2c 4f c0 48 fc 50 7e 1c ff fb d0 32 92 78 74 c4 0b 6e 4f a3 82 1f db 9d b4 cc d0 ad 19 0e 10 03 4c 7f 95 d3 5e 12 58 d9 5c c3 14 08 8a 05 
digest (0x1) - c2 4a 5b aa 9a 04 88 60 a3 9f f8 78 ad d6 52 ad d5 9c 52 48 29 b4 bb d1 94 de a4 a7 96 e7 07 95 25 53 c1 7a f6 20 93 6c f8 69 15 5c e2 dd 16 d6 
digest (0x2) - 4d 9c 43 ce 97 8a 0e 2d 25 af a1 49 b7 49 e7 cd 38 90 0a cd 19 3a 52 2d aa 7a db ec 3b 90 80 d3 ff 27 2a e3 4b 00 5d 13 21 85 3b 91 d2 68 6f 6c 
key_pair_id (0x0) - 0x05
key_pair_id (0x1) - 0x05
key_pair_id (0x2) - 0x11
cert_info (0x0) - 0x01
cert_info (0x1) - 0x01
cert_info (0x2) - 0x01
key_usage_bit_mask (0x0) - 0x000f
key_usage_bit_mask (0x1) - 0x000f
key_usage_bit_mask (0x2) - 0x000f
RequesterContext - aa bb cc dd ee ff 00 00 
libspdm_send_spdm_request[0] msg SPDM_GET_MEASUREMENTS(0xe0), size (0xc): 
0000: 14 e0 00 00 aa bb cc dd ee ff 00 00 
Platform port Transmit command: 00 00 00 01 
Platform port Transmit transport_type: 00 00 00 01 
Platform port Transmit size: 00 00 00 0d 
Platform port Transmit buffer:
    05 14 e0 00 00 aa bb cc dd ee ff 00 00 
Platform port Receive command: 00 00 00 01 
Platform port Receive transport_type: 00 00 00 01 
Platform port Receive size: 00 00 00 33 
Platform port Receive buffer:
    05 14 60 08 00 00 00 00 00 8e dc eb b8 9f a1 5e 9a b0 7b 86 d8 27 3d 52 c8 72 ce 1d 38 0a b4 a4 5f a9 17 9b 16 df 52 7d 60 00 00 aa bb cc dd ee ff 00 00 
libspdm_receive_spdm_response[0] msg SPDM_MEASUREMENTS(0x60), size (0x32): 
0000: 14 60 08 00 00 00 00 00 8e dc eb b8 9f a1 5e 9a b0 7b 86 d8 27 3d 52 c8 72 ce 1d 38 0a b4 a4 5f 
0020: a9 17 9b 16 df 52 7d 60 00 00 aa bb cc dd ee ff 00 00 
nonce (0x20) - 8e dc eb b8 9f a1 5e 9a b0 7b 86 d8 27 3d 52 c8 72 ce 1d 38 0a b4 a4 5f a9 17 9b 16 df 52 7d 60 
RequesterContext - aa bb cc dd ee ff 00 00 
number_of_blocks - 0x8
index - 0x1
RequesterContext - aa bb cc dd ee ff 00 01 
libspdm_send_spdm_request[0] msg SPDM_GET_MEASUREMENTS(0xe0), size (0xc): 
0000: 14 e0 00 01 aa bb cc dd ee ff 00 01 
Platform port Transmit command: 00 00 00 01 
Platform port Transmit transport_type: 00 00 00 01 
Platform port Transmit size: 00 00 00 0d 
Platform port Transmit buffer:
    05 14 e0 00 01 aa bb cc dd ee ff 00 01 
Platform port Receive command: 00 00 00 01 
Platform port Receive transport_type: 00 00 00 01 
Platform port Receive size: 00 00 00 7a 
Platform port Receive buffer:
    05 14 60 00 00 01 47 00 00 01 01 43 00 00 40 00 8d 53 1d 77 d8 21 e1 67 11 4d 1e b0 7e 0a e1 9c fb 56 51 52 40 88 43 c7 68 f1 13 5b 54 8f df a1 3a 20 3e 5c 7f 12 9c ea cc 01 7d f2 6c 99 9f 62 da 26 db f2 e1 12 83 45 ec 0f 65 d3 7f 87 ca 41 66 e0 56 91 65 1b 75 77 87 99 bf ae e9 0e 0e 3f ff 8a 2c 91 88 db 34 fb 1b 5c 0e 7a 8b ab 33 06 00 00 aa bb cc dd ee ff 00 01 
libspdm_receive_spdm_response[0] msg SPDM_MEASUREMENTS(0x60), size (0x79): 
0000: 14 60 00 00 01 47 00 00 01 01 43 00 00 40 00 8d 53 1d 77 d8 21 e1 67 11 4d 1e b0 7e 0a e1 9c fb 
0020: 56 51 52 40 88 43 c7 68 f1 13 5b 54 8f df a1 3a 20 3e 5c 7f 12 9c ea cc 01 7d f2 6c 99 9f 62 da 
0040: 26 db f2 e1 12 83 45 ec 0f 65 d3 7f 87 ca 41 66 e0 56 91 65 1b 75 77 87 99 bf ae e9 0e 0e 3f ff 
0060: 8a 2c 91 88 db 34 fb 1b 5c 0e 7a 8b ab 33 06 00 00 aa bb cc dd ee ff 00 01 
measurement_record_length - 0x000047
nonce (0x20) - 66 e0 56 91 65 1b 75 77 87 99 bf ae e9 0e 0e 3f ff 8a 2c 91 88 db 34 fb 1b 5c 0e 7a 8b ab 33 06 
RequesterContext - aa bb cc dd ee ff 00 01 
index - 0x2
RequesterContext - aa bb cc dd ee ff 00 02 
libspdm_send_spdm_request[0] msg SPDM_GET_MEASUREMENTS(0xe0), size (0xc): 
0000: 14 e0 00 02 aa bb cc dd ee ff 00 02 
Platform port Transmit command: 00 00 00 01 
Platform port Transmit transport_type: 00 00 00 01 
Platform port Transmit size: 00 00 00 0d 
Platform port Transmit buffer:
    05 14 e0 00 02 aa bb cc dd ee ff 00 02 
Platform port Receive command: 00 00 00 01 
Platform port Receive transport_type: 00 00 00 01 
Platform port Receive size: 00 00 00 7a 
Platform port Receive buffer:
    05 14 60 00 00 01 47 00 00 02 01 43 00 01 40 00 9e ff d8 a6 68 f7 6d 3f ce 35 45 1a 13 6f 8e f6 71 02 60 e9 ca 28 be ef 89 7f 55 9f cd ba 48 a4 c0 66 56 0f b4 90 01 95 ca e4 d4 fa b1 f7 d1 12 43 42 10 08 af 86 14 d9 2a 3f ca bb bf 75 24 8f 3a e9 46 9f 97 c9 08 f9 72 8f c9 48 a7 70 3e 82 2b 76 cf fd f5 b8 0f 83 11 c9 36 62 56 81 85 79 00 00 aa bb cc dd ee ff 00 02 
libspdm_receive_spdm_response[0] msg SPDM_MEASUREMENTS(0x60), size (0x79): 
0000: 14 60 00 00 01 47 00 00 02 01 43 00 01 40 00 9e ff d8 a6 68 f7 6d 3f ce 35 45 1a 13 6f 8e f6 71 
0020: 02 60 e9 ca 28 be ef 89 7f 55 9f cd ba 48 a4 c0 66 56 0f b4 90 01 95 ca e4 d4 fa b1 f7 d1 12 43 
0040: 42 10 08 af 86 14 d9 2a 3f ca bb bf 75 24 8f 3a e9 46 9f 97 c9 08 f9 72 8f c9 48 a7 70 3e 82 2b 
0060: 76 cf fd f5 b8 0f 83 11 c9 36 62 56 81 85 79 00 00 aa bb cc dd ee ff 00 02 
measurement_record_length - 0x000047
nonce (0x20) - 3a e9 46 9f 97 c9 08 f9 72 8f c9 48 a7 70 3e 82 2b 76 cf fd f5 b8 0f 83 11 c9 36 62 56 81 85 79 
RequesterContext - aa bb cc dd ee ff 00 02 
index - 0x3
RequesterContext - aa bb cc dd ee ff 00 03 
libspdm_send_spdm_request[0] msg SPDM_GET_MEASUREMENTS(0xe0), size (0xc): 
0000: 14 e0 00 03 aa bb cc dd ee ff 00 03 
Platform port Transmit command: 00 00 00 01 
Platform port Transmit transport_type: 00 00 00 01 
Platform port Transmit size: 00 00 00 0d 
Platform port Transmit buffer:
    05 14 e0 00 03 aa bb cc dd ee ff 00 03 
Platform port Receive command: 00 00 00 01 
Platform port Receive transport_type: 00 00 00 01 
Platform port Receive size: 00 00 00 7a 
Platform port Receive buffer:
    05 14 60 00 00 01 47 00 00 03 01 43 00 02 40 00 ff de 42 48 3a 68 7d d4 7d 05 f9 56 a2 d6 20 07 b7 1a 29 88 08 4d a1 09 5e c2 e4 3b ca 15 66 80 ca e0 7d 0b 84 cb c7 fc 9b 1d 4e 80 cd 86 69 aa 95 6a ed 8b b1 7b 0a 20 a5 03 1c 28 8d fa 8b 9f ca 07 e1 1e 76 c0 9d f3 bd 50 ef 55 b0 c6 34 48 4e da 1b 11 f7 a5 ab 83 b3 07 a8 cd ce a3 51 44 00 00 aa bb cc dd ee ff 00 03 
libspdm_receive_spdm_response[0] msg SPDM_MEASUREMENTS(0x60), size (0x79): 
0000: 14 60 00 00 01 47 00 00 03 01 43 00 02 40 00 ff de 42 48 3a 68 7d d4 7d 05 f9 56 a2 d6 20 07 b7 
0020: 1a 29 88 08 4d a1 09 5e c2 e4 3b ca 15 66 80 ca e0 7d 0b 84 cb c7 fc 9b 1d 4e 80 cd 86 69 aa 95 
0040: 6a ed 8b b1 7b 0a 20 a5 03 1c 28 8d fa 8b 9f ca 07 e1 1e 76 c0 9d f3 bd 50 ef 55 b0 c6 34 48 4e 
0060: da 1b 11 f7 a5 ab 83 b3 07 a8 cd ce a3 51 44 00 00 aa bb cc dd ee ff 00 03 
measurement_record_length - 0x000047
nonce (0x20) - ca 07 e1 1e 76 c0 9d f3 bd 50 ef 55 b0 c6 34 48 4e da 1b 11 f7 a5 ab 83 b3 07 a8 cd ce a3 51 44 
RequesterContext - aa bb cc dd ee ff 00 03 
index - 0x4
RequesterContext - aa bb cc dd ee ff 00 04 
libspdm_send_spdm_request[0] msg SPDM_GET_MEASUREMENTS(0xe0), size (0xc): 
0000: 14 e0 00 04 aa bb cc dd ee ff 00 04 
Platform port Transmit command: 00 00 00 01 
Platform port Transmit transport_type: 00 00 00 01 
Platform port Transmit size: 00 00 00 0d 
Platform port Transmit buffer:
    05 14 e0 00 04 aa bb cc dd ee ff 00 04 
Platform port Receive command: 00 00 00 01 
Platform port Receive transport_type: 00 00 00 01 
Platform port Receive size: 00 00 00 7a 
Platform port Receive buffer:
    05 14 60 00 00 01 47 00 00 04 01 43 00 03 40 00 3a 0b d5 b0 84 36 b1 d3 86 12 20 90 cf a0 44 6c f2 57 1b 74 f2 a1 5f 44 df 73 56 95 da b8 4b bb 1b eb b3 ae f3 9a f6 a0 f9 72 79 b5 fb 04 d5 13 a5 2d d1 65 47 fe 88 d0 45 58 15 52 0c 86 1e d4 44 eb 72 11 e5 d2 df 32 9b 07 c7 3a 90 fe e1 bd e9 1b d1 02 22 33 40 45 7f 15 ec 27 c3 05 d6 59 00 00 aa bb cc dd ee ff 00 04 
libspdm_receive_spdm_response[0] msg SPDM_MEASUREMENTS(0x60), size (0x79): 
0000: 14 60 00 00 01 47 00 00 04 01 43 00 03 40 00 3a 0b d5 b0 84 36 b1 d3 86 12 20 90 cf a0 44 6c f2 
0020: 57 1b 74 f2 a1 5f 44 df 73 56 95 da b8 4b bb 1b eb b3 ae f3 9a f6 a0 f9 72 79 b5 fb 04 d5 13 a5 
0040: 2d d1 65 47 fe 88 d0 45 58 15 52 0c 86 1e d4 44 eb 72 11 e5 d2 df 32 9b 07 c7 3a 90 fe e1 bd e9 
0060: 1b d1 02 22 33 40 45 7f 15 ec 27 c3 05 d6 59 00 00 aa bb cc dd ee ff 00 04 
measurement_record_length - 0x000047
nonce (0x20) - 44 eb 72 11 e5 d2 df 32 9b 07 c7 3a 90 fe e1 bd e9 1b d1 02 22 33 40 45 7f 15 ec 27 c3 05 d6 59 
RequesterContext - aa bb cc dd ee ff 00 04 
index - 0x5
RequesterContext - aa bb cc dd ee ff 00 05 
libspdm_send_spdm_request[0] msg SPDM_GET_MEASUREMENTS(0xe0), size (0xc): 
0000: 14 e0 00 05 aa bb cc dd ee ff 00 05 
Platform port Transmit command: 00 00 00 01 
Platform port Transmit transport_type: 00 00 00 01 
Platform port Transmit size: 00 00 00 0d 
Platform port Transmit buffer:
    05 14 e0 00 05 aa bb cc dd ee ff 00 05 
Platform port Receive command: 00 00 00 01 
Platform port Receive transport_type: 00 00 00 01 
Platform port Receive size: 00 00 00 05 
Platform port Receive buffer:
    05 14 7f 01 00 
libspdm_receive_spdm_response[0] msg SPDM_ERROR(0x7f), size (0x4): 
0000: 14 7f 01 00 
index - 0x6
RequesterContext - aa bb cc dd ee ff 00 06 
libspdm_send_spdm_request[0] msg SPDM_GET_MEASUREMENTS(0xe0), size (0xc): 
0000: 14 e0 00 06 aa bb cc dd ee ff 00 06 
Platform port Transmit command: 00 00 00 01 
Platform port Transmit transport_type: 00 00 00 01 
Platform port Transmit size: 00 00 00 0d 
Platform port Transmit buffer:
    05 14 e0 00 06 aa bb cc dd ee ff 00 06 
Platform port Receive command: 00 00 00 01 
Platform port Receive transport_type: 00 00 00 01 
Platform port Receive size: 00 00 00 05 
Platform port Receive buffer:
    05 14 7f 01 00 
libspdm_receive_spdm_response[0] msg SPDM_ERROR(0x7f), size (0x4): 
0000: 14 7f 01 00 
index - 0x7
RequesterContext - aa bb cc dd ee ff 00 07 
libspdm_send_spdm_request[0] msg SPDM_GET_MEASUREMENTS(0xe0), size (0xc): 
0000: 14 e0 00 07 aa bb cc dd ee ff 00 07 
Platform port Transmit command: 00 00 00 01 
Platform port Transmit transport_type: 00 00 00 01 
Platform port Transmit size: 00 00 00 0d 
Platform port Transmit buffer:
    05 14 e0 00 07 aa bb cc dd ee ff 00 07 
Platform port Receive command: 00 00 00 01 
Platform port Receive transport_type: 00 00 00 01 
Platform port Receive size: 00 00 00 05 
Platform port Receive buffer:
    05 14 7f 01 00 
libspdm_receive_spdm_response[0] msg SPDM_ERROR(0x7f), size (0x4): 
0000: 14 7f 01 00 
index - 0x8
RequesterContext - aa bb cc dd ee ff 00 08 
libspdm_send_spdm_request[0] msg SPDM_GET_MEASUREMENTS(0xe0), size (0xc): 
0000: 14 e0 00 08 aa bb cc dd ee ff 00 08 
Platform port Transmit command: 00 00 00 01 
Platform port Transmit transport_type: 00 00 00 01 
Platform port Transmit size: 00 00 00 0d 
Platform port Transmit buffer:
    05 14 e0 00 08 aa bb cc dd ee ff 00 08 
Platform port Receive command: 00 00 00 01 
Platform port Receive transport_type: 00 00 00 01 
Platform port Receive size: 00 00 00 05 
Platform port Receive buffer:
    05 14 7f 01 00 
libspdm_receive_spdm_response[0] msg SPDM_ERROR(0x7f), size (0x4): 
0000: 14 7f 01 00 
index - 0x9
RequesterContext - aa bb cc dd ee ff 00 09 
libspdm_send_spdm_request[0] msg SPDM_GET_MEASUREMENTS(0xe0), size (0xc): 
0000: 14 e0 00 09 aa bb cc dd ee ff 00 09 
Platform port Transmit command: 00 00 00 01 
Platform port Transmit transport_type: 00 00 00 01 
Platform port Transmit size: 00 00 00 0d 
Platform port Transmit buffer:
    05 14 e0 00 09 aa bb cc dd ee ff 00 09 
Platform port Receive command: 00 00 00 01 
Platform port Receive transport_type: 00 00 00 01 
Platform port Receive size: 00 00 00 05 
Platform port Receive buffer:
    05 14 7f 01 00 
libspdm_receive_spdm_response[0] msg SPDM_ERROR(0x7f), size (0x4): 
0000: 14 7f 01 00 
index - 0xa
RequesterContext - aa bb cc dd ee ff 00 0a 
libspdm_send_spdm_request[0] msg SPDM_GET_MEASUREMENTS(0xe0), size (0xc): 
0000: 14 e0 00 0a aa bb cc dd ee ff 00 0a 
Platform port Transmit command: 00 00 00 01 
Platform port Transmit transport_type: 00 00 00 01 
Platform port Transmit size: 00 00 00 0d 
Platform port Transmit buffer:
    05 14 e0 00 0a aa bb cc dd ee ff 00 0a 
Platform port Receive command: 00 00 00 01 
Platform port Receive transport_type: 00 00 00 01 
Platform port Receive size: 00 00 00 05 
Platform port Receive buffer:
    05 14 7f 01 00 
libspdm_receive_spdm_response[0] msg SPDM_ERROR(0x7f), size (0x4): 
0000: 14 7f 01 00 
index - 0xb
RequesterContext - aa bb cc dd ee ff 00 0b 
libspdm_send_spdm_request[0] msg SPDM_GET_MEASUREMENTS(0xe0), size (0xc): 
0000: 14 e0 00 0b aa bb cc dd ee ff 00 0b 
Platform port Transmit command: 00 00 00 01 
Platform port Transmit transport_type: 00 00 00 01 
Platform port Transmit size: 00 00 00 0d 
Platform port Transmit buffer:
    05 14 e0 00 0b aa bb cc dd ee ff 00 0b 
Platform port Receive command: 00 00 00 01 
Platform port Receive transport_type: 00 00 00 01 
Platform port Receive size: 00 00 00 05 
Platform port Receive buffer:
    05 14 7f 01 00 
libspdm_receive_spdm_response[0] msg SPDM_ERROR(0x7f), size (0x4): 
0000: 14 7f 01 00 
index - 0xc
RequesterContext - aa bb cc dd ee ff 00 0c 
libspdm_send_spdm_request[0] msg SPDM_GET_MEASUREMENTS(0xe0), size (0xc): 
0000: 14 e0 00 0c aa bb cc dd ee ff 00 0c 
Platform port Transmit command: 00 00 00 01 
Platform port Transmit transport_type: 00 00 00 01 
Platform port Transmit size: 00 00 00 0d 
Platform port Transmit buffer:
    05 14 e0 00 0c aa bb cc dd ee ff 00 0c 
Platform port Receive command: 00 00 00 01 
Platform port Receive transport_type: 00 00 00 01 
Platform port Receive size: 00 00 00 05 
Platform port Receive buffer:
    05 14 7f 01 00 
libspdm_receive_spdm_response[0] msg SPDM_ERROR(0x7f), size (0x4): 
0000: 14 7f 01 00 
index - 0xd
RequesterContext - aa bb cc dd ee ff 00 0d 
libspdm_send_spdm_request[0] msg SPDM_GET_MEASUREMENTS(0xe0), size (0xc): 
0000: 14 e0 00 0d aa bb cc dd ee ff 00 0d 
Platform port Transmit command: 00 00 00 01 
Platform port Transmit transport_type: 00 00 00 01 
Platform port Transmit size: 00 00 00 0d 
Platform port Transmit buffer:
    05 14 e0 00 0d aa bb cc dd ee ff 00 0d 
Platform port Receive command: 00 00 00 01 
Platform port Receive transport_type: 00 00 00 01 
Platform port Receive size: 00 00 00 05 
Platform port Receive buffer:
    05 14 7f 01 00 
libspdm_receive_spdm_response[0] msg SPDM_ERROR(0x7f), size (0x4): 
0000: 14 7f 01 00 
index - 0xe
RequesterContext - aa bb cc dd ee ff 00 0e 
libspdm_send_spdm_request[0] msg SPDM_GET_MEASUREMENTS(0xe0), size (0xc): 
0000: 14 e0 00 0e aa bb cc dd ee ff 00 0e 
Platform port Transmit command: 00 00 00 01 
Platform port Transmit transport_type: 00 00 00 01 
Platform port Transmit size: 00 00 00 0d 
Platform port Transmit buffer:
    05 14 e0 00 0e aa bb cc dd ee ff 00 0e 
Platform port Receive command: 00 00 00 01 
Platform port Receive transport_type: 00 00 00 01 
Platform port Receive size: 00 00 00 05 
Platform port Receive buffer:
    05 14 7f 01 00 
libspdm_receive_spdm_response[0] msg SPDM_ERROR(0x7f), size (0x4): 
0000: 14 7f 01 00 
index - 0xf
RequesterContext - aa bb cc dd ee ff 00 0f 
libspdm_send_spdm_request[0] msg SPDM_GET_MEASUREMENTS(0xe0), size (0xc): 
0000: 14 e0 00 0f aa bb cc dd ee ff 00 0f 
Platform port Transmit command: 00 00 00 01 
Platform port Transmit transport_type: 00 00 00 01 
Platform port Transmit size: 00 00 00 0d 
Platform port Transmit buffer:
    05 14 e0 00 0f aa bb cc dd ee ff 00 0f 
Platform port Receive command: 00 00 00 01 
Platform port Receive transport_type: 00 00 00 01 
Platform port Receive size: 00 00 00 05 
Platform port Receive buffer:
    05 14 7f 01 00 
libspdm_receive_spdm_response[0] msg SPDM_ERROR(0x7f), size (0x4): 
0000: 14 7f 01 00 
index - 0x10
RequesterContext - aa bb cc dd ee ff 00 10 
libspdm_send_spdm_request[0] msg SPDM_GET_MEASUREMENTS(0xe0), size (0xc): 
0000: 14 e0 00 10 aa bb cc dd ee ff 00 10 
Platform port Transmit command: 00 00 00 01 
Platform port Transmit transport_type: 00 00 00 01 
Platform port Transmit size: 00 00 00 0d 
Platform port Transmit buffer:
    05 14 e0 00 10 aa bb cc dd ee ff 00 10 
Platform port Receive command: 00 00 00 01 
Platform port Receive transport_type: 00 00 00 01 
Platform port Receive size: 00 00 00 42 
Platform port Receive buffer:
    05 14 60 00 00 01 0f 00 00 10 01 0b 00 87 08 00 07 00 00 00 00 00 00 00 8a 0b 13 4e b8 0b 94 e9 c9 7d 06 53 1d a8 ae c4 47 ff dc 9a 94 c3 b8 56 f8 95 83 45 0e b2 77 8c 00 00 aa bb cc dd ee ff 00 10 
libspdm_receive_spdm_response[0] msg SPDM_MEASUREMENTS(0x60), size (0x41): 
0000: 14 60 00 00 01 0f 00 00 10 01 0b 00 87 08 00 07 00 00 00 00 00 00 00 8a 0b 13 4e b8 0b 94 e9 c9 
0020: 7d 06 53 1d a8 ae c4 47 ff dc 9a 94 c3 b8 56 f8 95 83 45 0e b2 77 8c 00 00 aa bb cc dd ee ff 00 
0040: 10 
measurement_record_length - 0x00000f
nonce (0x20) - 8a 0b 13 4e b8 0b 94 e9 c9 7d 06 53 1d a8 ae c4 47 ff dc 9a 94 c3 b8 56 f8 95 83 45 0e b2 77 8c 
RequesterContext - aa bb cc dd ee ff 00 10 
index - 0x11
RequesterContext - aa bb cc dd ee ff 00 11 
libspdm_send_spdm_request[0] msg SPDM_GET_MEASUREMENTS(0xe0), size (0xc): 
0000: 14 e0 00 11 aa bb cc dd ee ff 00 11 
Platform port Transmit command: 00 00 00 01 
Platform port Transmit transport_type: 00 00 00 01 
Platform port Transmit size: 00 00 00 0d 
Platform port Transmit buffer:
    05 14 e0 00 11 aa bb cc dd ee ff 00 11 
